Problem,Measured , Predicted,Difference,Percentage Difference
Custom-AlternatingGates1,111.68ms,113.71ms,-2.03ms,-1.78%
Custom-AlternatingGates2,107.12ms,113.71ms,-6.59ms,-5.80%
Custom-AlternatingGates3,106.93ms,116.61ms,-9.67ms,-8.30%
Custom-BlockWorld,150.27ms,165.84ms,-15.57ms,-9.39%
Custom-BlockWorld2,115.42ms,130.29ms,-14.87ms,-11.41%
Custom-BlockWorld3,126.30ms,140.05ms,-13.75ms,-9.82%
Custom-BlockWorld4,141.26ms,148.91ms,-7.64ms,-5.13%
Custom-BlockWorld5,74.64ms,85.85ms,-11.21ms,-13.05%
Custom-CentralRegion-1,147.67ms,152.80ms,-5.13ms,-3.36%
Custom-CentralRegion-2,147.62ms,148.91ms,-1.29ms,-0.86%
Custom-CentralRegion-3,107.13ms,110.95ms,-3.82ms,-3.44%
Custom-Circles-1,141.69ms,147.99ms,-6.30ms,-4.25%
Custom-Circles-2,148.44ms,155.67ms,-7.24ms,-4.65%
Custom-Circles-3,42.71ms,68.18ms,-25.47ms,-37.35%
Custom-ConnectedCaverns,88.06ms,84.91ms,3.15ms,3.71%
Custom-ConnectedCaverns2,110.22ms,112.23ms,-2.02ms,-1.80%
Custom-ConnectedCaverns3,37.78ms,44.31ms,-6.53ms,-14.74%
Custom-ConnectedCaverns4,80.32ms,94.01ms,-13.69ms,-14.57%
Custom-ConnectedCaverns5,93.10ms,94.93ms,-1.83ms,-1.93%
Custom-ConnectedCaverns6,97.58ms,101.80ms,-4.22ms,-4.15%
Custom-ConnectedCaverns7,86.43ms,89.34ms,-2.91ms,-3.26%
Custom-ConstantGateSize,111.54ms,115.55ms,-4.01ms,-3.47%
Custom-ConstantGateSize2,111.43ms,115.55ms,-4.12ms,-3.57%
Custom-ConstantGateSize3,111.43ms,115.55ms,-4.12ms,-3.57%
Custom-ConstantGateSize4,49.23ms,59.53ms,-10.30ms,-17.31%
Custom-ConstantGateSize5,49.84ms,57.53ms,-7.69ms,-13.37%
Custom-DashedGates-1,106.29ms,114.09ms,-7.80ms,-6.84%
Custom-DashedGates-2,121.03ms,121.47ms,-0.44ms,-0.36%
Custom-DashedGates-3,138.21ms,144.22ms,-6.02ms,-4.17%
Custom-DashedGates-4,88.13ms,97.72ms,-9.58ms,-9.81%
Custom-DecreasingGateSize,111.25ms,115.53ms,-4.28ms,-3.71%
Custom-DecreasingGateSize2,111.27ms,115.53ms,-4.26ms,-3.68%
Custom-DecreasingGateSize3,111.26ms,115.53ms,-4.27ms,-3.70%
Custom-DecreasingGateSize4,49.17ms,59.50ms,-10.33ms,-17.35%
Custom-DecreasingGateSize5,49.59ms,57.51ms,-7.92ms,-13.77%
Custom-ExampleMap-1,157.82ms,165.27ms,-7.45ms,-4.51%
Custom-ExampleMap-2,166.62ms,170.93ms,-4.31ms,-2.52%
Custom-ExampleMap-3,123.76ms,127.44ms,-3.68ms,-2.89%
Custom-ExampleMap-4,125.71ms,128.44ms,-2.73ms,-2.13%
Custom-ExampleMap-5,119.75ms,117.46ms,2.29ms,1.95%
Custom-ExampleMap-6,119.86ms,116.97ms,2.89ms,2.47%
Custom-ExampleOverflow,48.31ms,51.55ms,-3.24ms,-6.28%
Custom-ExampleOverflow2,48.37ms,51.55ms,-3.18ms,-6.17%
Custom-ExampleOverflow3,47.21ms,51.55ms,-4.33ms,-8.41%
Custom-Hallway-1,168.74ms,159.55ms,9.19ms,5.76%
Custom-Hallway-2,170.55ms,168.21ms,2.33ms,1.39%
Custom-Hallway-3,107.26ms,105.31ms,1.95ms,1.85%
Custom-Hallway-4,144.61ms,134.27ms,10.34ms,7.70%
Custom-Labyrinth,129.43ms,122.41ms,7.02ms,5.73%
Custom-Labyrinth2,103.32ms,82.39ms,20.94ms,25.41%
Custom-Labyrinth3,131.18ms,121.58ms,9.60ms,7.90%
Custom-Labyrinth4,116.92ms,116.03ms,0.89ms,0.77%
Custom-Labyrinth5,134.91ms,127.21ms,7.70ms,6.05%
Custom-LargeGates-1,83.03ms,98.19ms,-15.16ms,-15.44%
Custom-LargeGates-2,79.92ms,86.94ms,-7.03ms,-8.08%
Custom-LargeGates-3,55.62ms,66.90ms,-11.27ms,-16.85%
Custom-LargeGates-4,86.20ms,96.21ms,-10.01ms,-10.41%
Custom-LargeGates2-1,72.96ms,89.55ms,-16.58ms,-18.52%
Custom-LargeGates2-2,68.01ms,79.43ms,-11.43ms,-14.38%
Custom-LargeGates2-3,94.28ms,97.55ms,-3.27ms,-3.35%
Custom-LargeGates2-4,87.95ms,98.66ms,-10.70ms,-10.85%
Custom-LargeGates2-5,70.89ms,84.09ms,-13.20ms,-15.70%
Custom-LargeGates2-6,93.90ms,102.36ms,-8.46ms,-8.27%
Custom-LimitedOverflow,47.91ms,51.55ms,-3.63ms,-7.05%
Custom-LimitedOverflow2,47.94ms,51.55ms,-3.61ms,-7.00%
Custom-LimitedOverflow3,46.96ms,51.55ms,-4.59ms,-8.90%
Custom-MultiplePaths,105.07ms,108.53ms,-3.47ms,-3.19%
Custom-MultiplePaths2,103.01ms,108.53ms,-5.53ms,-5.09%
Custom-MultiplePaths3,100.74ms,108.53ms,-7.80ms,-7.18%
Custom-MultiplePaths4,96.08ms,106.53ms,-10.45ms,-9.81%
Custom-MultiplePaths5,91.08ms,103.53ms,-12.45ms,-12.02%
Custom-MultiplePaths6,57.11ms,65.53ms,-8.42ms,-12.86%
Custom-MultiplePaths7,58.46ms,61.53ms,-3.08ms,-5.00%
Custom-ObstacleIslands,78.07ms,87.89ms,-9.82ms,-11.18%
Custom-ObstacleIslands2,91.68ms,101.72ms,-10.04ms,-9.87%
Custom-ObstacleIslands3,69.33ms,82.87ms,-13.54ms,-16.34%
Custom-ObstacleIslands4,67.71ms,82.52ms,-14.81ms,-17.95%
Custom-ObstacleIslands5,131.73ms,141.73ms,-10.00ms,-7.06%
Custom-Plains-1,41.80ms,45.60ms,-3.80ms,-8.34%
Custom-Plains-2,25.77ms,30.37ms,-4.59ms,-15.12%
Custom-RoughWalls,48.25ms,51.54ms,-3.29ms,-6.39%
Custom-RoughWalls2,48.16ms,51.54ms,-3.39ms,-6.57%
Custom-RoughWalls3,47.16ms,51.54ms,-4.38ms,-8.51%
Custom-ShortestPathNotTheBest,73.13ms,74.17ms,-1.04ms,-1.40%
Custom-ShortestPathNotTheBest2,73.39ms,75.57ms,-2.17ms,-2.88%
Custom-ShortestPathNotTheBest3,80.51ms,79.17ms,1.34ms,1.69%
Custom-ShortestPathNotTheBest4,34.64ms,38.70ms,-4.06ms,-10.49%
Custom-ShortestPathNotTheBest5,66.31ms,75.07ms,-8.76ms,-11.68%
Custom-SimpleTwoPaths,64.80ms,66.84ms,-2.04ms,-3.05%
Custom-SimpleTwoPaths2,60.65ms,67.58ms,-6.92ms,-10.25%
Custom-SimpleTwoPaths3,57.35ms,63.34ms,-5.99ms,-9.46%
Custom-SimpleTwoPaths4,64.90ms,66.15ms,-1.26ms,-1.90%
Custom-SimpleTwoPaths5,60.69ms,64.74ms,-4.05ms,-6.25%
Custom-SmallerMap-1,75.54ms,73.13ms,2.40ms,3.29%
Custom-SmallerMap-2,40.70ms,46.39ms,-5.69ms,-12.27%
Custom-SmallerMap-3,48.98ms,48.98ms,0.00ms,0.01%
Custom-SmallerObstacles-1,82.17ms,85.80ms,-3.63ms,-4.23%
Custom-SmallerObstacles-2,110.46ms,109.48ms,0.98ms,0.89%
Custom-SmallerObstacles-3,55.59ms,67.99ms,-12.40ms,-18.24%
Custom-SmallerObstacles-4,91.81ms,104.63ms,-12.83ms,-12.26%
Starcraft-AcrossTheCape-1,178.63ms,190.73ms,-12.10ms,-6.34%
Starcraft-AcrossTheCape-2,245.99ms,209.61ms,36.38ms,17.35%
Starcraft-AfterShock-1,72.67ms,96.24ms,-23.57ms,-24.49%
Starcraft-Archipelago-1,154.90ms,176.09ms,-21.19ms,-12.03%
Starcraft-Aurora-1,89.86ms,104.51ms,-14.65ms,-14.02%
Starcraft-Aurora-2,132.03ms,135.45ms,-3.41ms,-2.52%
Starcraft-BackWoods-1,92.63ms,89.58ms,3.05ms,3.40%
Starcraft-BigGameHunters-1,171.11ms,190.99ms,-19.88ms,-10.41%
Starcraft-BlackLotus-1,139.45ms,150.54ms,-11.09ms,-7.36%
Starcraft-BlastFurnace-1,251.47ms,253.92ms,-2.46ms,-0.97%
Starcraft-BlastFurnace-2,267.12ms,297.32ms,-30.20ms,-10.16%
Starcraft-BrokenSteppes-1,171.01ms,173.89ms,-2.88ms,-1.66%
Starcraft-BrokenSteppes-2,245.43ms,253.76ms,-8.32ms,-3.28%
Starcraft-BrokenSteppes-3,134.94ms,155.49ms,-20.55ms,-13.22%
Starcraft-Caldera-1,199.52ms,213.75ms,-14.23ms,-6.66%
Starcraft-CatWalkAlley-1,302.91ms,315.27ms,-12.36ms,-3.92%
Starcraft-Cauldron-1,139.34ms,139.75ms,-0.41ms,-0.29%
Starcraft-Cauldron-2,118.98ms,116.10ms,2.87ms,2.47%
Starcraft-Cauldron-3,340.64ms,328.72ms,11.92ms,3.63%
Starcraft-CrashSites-1,85.56ms,88.28ms,-2.72ms,-3.08%
Starcraft-CrossRoads-1,176.51ms,173.50ms,3.01ms,1.73%
Starcraft-CrossRoads-2,236.00ms,249.08ms,-13.07ms,-5.25%
Starcraft-DarkContinent-1,238.06ms,250.20ms,-12.13ms,-4.85%
Starcraft-Desolation-1,112.37ms,117.55ms,-5.18ms,-4.41%
Starcraft-EbonLakes-1,303.59ms,303.38ms,0.20ms,0.07%
Starcraft-EbonLakes-2,189.94ms,203.52ms,-13.59ms,-6.68%
Starcraft-ElderLands-1,209.55ms,221.63ms,-12.08ms,-5.45%
Starcraft-Enigma-1,248.76ms,242.30ms,6.46ms,2.66%
Starcraft-Enigma-2,266.22ms,264.59ms,1.63ms,0.62%
Starcraft-Enigma-3,219.52ms,206.41ms,13.11ms,6.35%
Starcraft-Entanglement-1,88.74ms,96.35ms,-7.61ms,-7.90%
Starcraft-Entanglement-2,215.82ms,221.36ms,-5.54ms,-2.50%
Starcraft-Eruption-1,275.55ms,279.33ms,-3.78ms,-1.35%
Starcraft-Expedition-1,180.30ms,188.34ms,-8.04ms,-4.27%
Starcraft-Expedition-2,174.33ms,165.46ms,8.86ms,5.36%
Starcraft-Expedition-3,61.85ms,76.21ms,-14.36ms,-18.84%
Starcraft-FloodedPlains-1,234.46ms,216.26ms,18.20ms,8.42%
Starcraft-FloodedPlains-2,77.10ms,80.02ms,-2.92ms,-3.65%
Starcraft-FloodedPlains-3,197.51ms,184.89ms,12.62ms,6.82%
Starcraft-GhostTown-1,147.88ms,159.89ms,-12.02ms,-7.51%
Starcraft-GhostTown-2,118.14ms,126.59ms,-8.45ms,-6.67%
Starcraft-GladiatorPits-1,199.05ms,211.18ms,-12.12ms,-5.74%
Starcraft-GladiatorPits-2,264.45ms,274.31ms,-9.86ms,-3.59%
Starcraft-GreenerPastures-1,142.16ms,146.85ms,-4.69ms,-3.19%
Starcraft-HellFire-1,94.68ms,107.86ms,-13.18ms,-12.22%
Starcraft-HellFire-2,83.30ms,104.33ms,-21.03ms,-20.16%
Starcraft-HellFire-3,90.47ms,89.15ms,1.31ms,1.47%
Starcraft-HotZone-1,63.33ms,68.20ms,-4.87ms,-7.14%
Starcraft-HotZone-2,119.24ms,121.46ms,-2.22ms,-1.83%
Starcraft-HotZone-3,71.18ms,77.34ms,-6.16ms,-7.96%
Starcraft-Isolation-1,61.54ms,77.10ms,-15.56ms,-20.19%
Starcraft-Isolation-2,111.81ms,128.56ms,-16.75ms,-13.03%
Starcraft-JungleSiege-1,305.84ms,322.90ms,-17.06ms,-5.28%
Starcraft-JungleSiege-2,63.93ms,78.11ms,-14.19ms,-18.16%
Starcraft-JungleSiege-3,277.84ms,273.40ms,4.45ms,1.63%
Starcraft-Labyrinth-1,399.37ms,391.70ms,7.68ms,1.96%
Starcraft-Labyrinth-2,192.19ms,176.56ms,15.63ms,8.85%
Starcraft-LakeShore-1,252.44ms,236.42ms,16.03ms,6.78%
Starcraft-LakeShore-2,211.09ms,187.51ms,23.58ms,12.58%
Starcraft-Medusa-1,280.84ms,257.82ms,23.02ms,8.93%
Starcraft-Medusa-2,191.76ms,178.47ms,13.29ms,7.45%
Warcraft3-Battleground-1,184.37ms,200.49ms,-16.13ms,-8.04%
Warcraft3-Battleground-2,210.36ms,218.27ms,-7.91ms,-3.62%
Warcraft3-BlastedLands-1,76.12ms,80.74ms,-4.62ms,-5.73%
Warcraft3-DarkForest-1,112.48ms,124.81ms,-12.33ms,-9.88%
Warcraft3-DarkForest-2,82.71ms,94.08ms,-11.36ms,-12.08%
Warcraft3-DeadWaterDrop-1,109.88ms,112.80ms,-2.92ms,-2.59%
Warcraft3-DeadWaterDrop-2,108.33ms,112.63ms,-4.30ms,-3.81%
Warcraft3-DivideAndConquer-1,219.05ms,221.74ms,-2.69ms,-1.22%
Warcraft3-DivideAndConquer-2,147.08ms,161.36ms,-14.28ms,-8.85%
Warcraft3-DragonFire-1,215.52ms,227.30ms,-11.78ms,-5.18%
Warcraft3-DragonFire-2,256.40ms,270.26ms,-13.86ms,-5.13%
Warcraft3-DryWaterGulch-1,291.73ms,304.30ms,-12.58ms,-4.13%
Warcraft3-DryWaterGulch-2,363.06ms,377.39ms,-14.32ms,-3.80%
Warcraft3-DuskWood-1,229.38ms,244.07ms,-14.69ms,-6.02%
Warcraft3-DuskWood-2,157.95ms,171.99ms,-14.04ms,-8.16%
Warcraft3-DuskWood-3,99.97ms,103.44ms,-3.47ms,-3.35%
Warcraft3-FrostSabre-1,87.69ms,95.85ms,-8.16ms,-8.51%
Warcraft3-FrostSabre-2,84.46ms,90.33ms,-5.87ms,-6.50%
Warcraft3-GardenOfWar-1,217.14ms,220.16ms,-3.02ms,-1.37%
Warcraft3-GardenOfWar-2,221.03ms,231.11ms,-10.08ms,-4.36%
Warcraft3-GardenOfWar-3,180.58ms,191.51ms,-10.93ms,-5.71%
Warcraft3-GolemsInTheMist-1,91.14ms,92.34ms,-1.20ms,-1.30%
Warcraft3-GolemsInTheMist-2,78.59ms,84.71ms,-6.12ms,-7.23%
Warcraft3-HarvestMoon-1,191.70ms,180.45ms,11.25ms,6.23%
Warcraft3-HarvestMoon-2,88.35ms,106.82ms,-18.47ms,-17.29%
Warcraft3-IsleOfDread-1,64.52ms,88.11ms,-23.58ms,-26.77%
Warcraft3-IsleOfDread-2,131.07ms,147.33ms,-16.26ms,-11.04%
Warcraft3-LostTemple-1,51.28ms,58.91ms,-7.63ms,-12.95%
Warcraft3-LostTemple-2,52.60ms,70.53ms,-17.93ms,-25.42%
Warcraft3-MoonGlade-1,62.12ms,65.44ms,-3.32ms,-5.08%
Warcraft3-PetrifiedForest-1,179.18ms,196.45ms,-17.27ms,-8.79%
Warcraft3-PetrifiedForest-2,149.26ms,161.83ms,-12.57ms,-7.77%
Warcraft3-PlainsOfSnow-1,84.56ms,102.16ms,-17.60ms,-17.23%
Warcraft3-PlunderIsle-1,236.82ms,243.93ms,-7.11ms,-2.92%
Warcraft3-PlunderIsle-2,164.84ms,180.06ms,-15.21ms,-8.45%
Warcraft3-ScorchedBasin-1,168.05ms,180.37ms,-12.32ms,-6.83%
Warcraft3-ScorchedBasin-2,139.53ms,149.77ms,-10.24ms,-6.84%
Warcraft3-TheCrucible-1,121.45ms,132.53ms,-11.08ms,-8.36%
Warcraft3-TranquilPaths-1,137.45ms,159.03ms,-21.58ms,-13.57%
