Experiment Name,Flow Field,FG,A*,RFG,Best Time,Flow Field Relative,FG Relative,A* Relative,RFG Relative
Custom-AlternatingGates1,109.80s,112.44s,111.54s,115.26s,109.80s,1,1.02,1.02,1.05
Custom-AlternatingGates2,124.98s,126.94s,127.18s,119.70s,119.70s,1.04,1.06,1.06,1
Custom-AlternatingGates3,190.91s,186.15s,188.31s,166.90s,166.90s,1.14,1.12,1.13,1
Custom-BlockWorld,242.32s,294.45s,363.10s,297.59s,242.32s,1,1.22,1.5,1.23
Custom-BlockWorld2,216.59s,236.48s,236.46s,222.53s,216.59s,1,1.09,1.09,1.03
Custom-BlockWorld3,231.75s,276.81s,251.26s,218.13s,218.13s,1.06,1.27,1.15,1
Custom-BlockWorld4,197.37s,203.29s,202.43s,199.35s,197.37s,1,1.03,1.03,1.01
Custom-BlockWorld5,190.07s,247.04s,200.99s,219.23s,190.07s,1,1.3,1.06,1.15
Custom-CentralRegion-1,310.77s,430.78s,318.91s,255.64s,255.64s,1.22,1.69,1.25,1
Custom-CentralRegion-2,208.71s,265.52s,217.55s,190.27s,190.27s,1.1,1.4,1.14,1
Custom-CentralRegion-3,267.30s,247.40s,271.72s,215.35s,215.35s,1.24,1.15,1.26,1
Custom-Circles-1,232.92s,280.91s,293.97s,334.58s,232.92s,1,1.21,1.26,1.44
Custom-Circles-2,206.57s,238.20s,237.46s,260.41s,206.57s,1,1.15,1.15,1.26
Custom-Circles-3,99.26s,114.90s,113.86s,121.98s,99.26s,1,1.16,1.15,1.23
Custom-ConnectedCaverns,146.94s,151.94s,165.48s,137.54s,137.54s,1.07,1.1,1.2,1
Custom-ConnectedCaverns2,158.86s,282.83s,184.61s,205.95s,158.86s,1,1.78,1.16,1.3
Custom-ConnectedCaverns3,124.72s,110.24s,133.80s,110.44s,110.24s,1.13,1,1.21,1
Custom-ConnectedCaverns4,170.44s,183.59s,190.95s,170.34s,170.34s,1,1.08,1.12,1
Custom-ConnectedCaverns5,162.68s,183.29s,186.79s,171.06s,162.68s,1,1.13,1.15,1.05
Custom-ConnectedCaverns6,156.06s,186.05s,166.22s,137.40s,137.40s,1.14,1.35,1.21,1
Custom-ConnectedCaverns7,140.34s,128.10s,154.08s,129.54s,128.10s,1.1,1,1.2,1.01
Custom-ConstantGateSize,130.66s,132.58s,132.44s,129.92s,129.92s,1.01,1.02,1.02,1
Custom-ConstantGateSize2,162.10s,164.26s,164.14s,160.76s,160.76s,1.01,1.02,1.02,1
Custom-ConstantGateSize3,222.99s,225.77s,230.55s,221.43s,221.43s,1.01,1.02,1.04,1
Custom-ConstantGateSize4,125.88s,127.14s,127.32s,125.90s,125.88s,1,1.01,1.01,1
Custom-ConstantGateSize5,111.16s,111.18s,111.26s,110.44s,110.44s,1.01,1.01,1.01,1
Custom-DashedGates-1,257.28s,386.57s,303.47s,272.48s,257.28s,1,1.5,1.18,1.06
Custom-DashedGates-2,191.07s,202.91s,230.49s,179.01s,179.01s,1.07,1.13,1.29,1
Custom-DashedGates-3,274.24s,399.33s,460.02s,321.72s,274.24s,1,1.46,1.68,1.17
Custom-DashedGates-4,255.92s,503.01s,368.31s,298.53s,255.92s,1,1.97,1.44,1.17
Custom-DecreasingGateSize,126.88s,128.34s,128.18s,127.10s,126.88s,1,1.01,1.01,1
Custom-DecreasingGateSize2,155.48s,157.22s,157.56s,156.24s,155.48s,1,1.01,1.01,1
Custom-DecreasingGateSize3,211.65s,213.11s,217.37s,211.95s,211.65s,1,1.01,1.03,1
Custom-DecreasingGateSize4,121.92s,122.44s,122.32s,122.64s,121.92s,1,1,1,1.01
Custom-DecreasingGateSize5,96.22s,96.28s,95.94s,96.56s,95.94s,1,1,1,1.01
Custom-ExampleMap-1,295.79s,292.69s,325.68s,230.33s,230.33s,1.28,1.27,1.41,1
Custom-ExampleMap-2,236.54s,260.56s,238.26s,212.39s,212.39s,1.11,1.23,1.12,1
Custom-ExampleMap-3,192.25s,194.97s,249.46s,171.94s,171.94s,1.12,1.13,1.45,1
Custom-ExampleMap-4,167.76s,178.71s,177.05s,155.22s,155.22s,1.08,1.15,1.14,1
Custom-ExampleMap-5,180.33s,306.77s,197.11s,205.45s,180.33s,1,1.7,1.09,1.14
Custom-ExampleMap-6,162.68s,216.05s,169.88s,171.64s,162.68s,1,1.33,1.04,1.06
Custom-ExampleOverflow,81.36s,79.94s,79.22s,80.66s,79.22s,1.03,1.01,1,1.02
Custom-ExampleOverflow2,139.18s,138.22s,137.20s,137.74s,137.20s,1.01,1.01,1,1
Custom-ExampleOverflow3,256.22s,254.68s,253.90s,253.70s,253.70s,1.01,1,1,1
Custom-Hallway-1,350.00s,531.43s,362.86s,299.99s,299.99s,1.17,1.77,1.21,1
Custom-Hallway-2,296.29s,519.13s,303.07s,279.39s,279.39s,1.06,1.86,1.08,1
Custom-Hallway-3,200.11s,230.01s,220.43s,187.15s,187.15s,1.07,1.23,1.18,1
Custom-Hallway-4,384.83s,735.55s,406.09s,383.93s,383.93s,1,1.92,1.06,1
Custom-Labyrinth,244.60s,229.87s,247.72s,206.23s,206.23s,1.19,1.11,1.2,1
Custom-Labyrinth2,188.55s,190.25s,191.77s,192.09s,188.55s,1,1.01,1.02,1.02
Custom-Labyrinth3,164.00s,175.51s,163.46s,166.80s,163.46s,1,1.07,1,1.02
Custom-Labyrinth4,215.29s,216.67s,213.87s,194.31s,194.31s,1.11,1.12,1.1,1
Custom-Labyrinth5,213.79s,214.21s,214.29s,189.43s,189.43s,1.13,1.13,1.13,1
Custom-LargeGates-1,119.28s,132.62s,144.06s,126.76s,119.28s,1,1.11,1.21,1.06
Custom-LargeGates-2,117.62s,110.62s,120.90s,112.00s,110.62s,1.06,1,1.09,1.01
Custom-LargeGates-3,86.68s,88.34s,91.64s,93.08s,86.68s,1,1.02,1.06,1.07
Custom-LargeGates-4,124.12s,144.76s,149.18s,123.70s,123.70s,1,1.17,1.21,1
Custom-LargeGates2-1,142.30s,135.80s,154.48s,131.08s,131.08s,1.09,1.04,1.18,1
Custom-LargeGates2-2,112.02s,107.58s,136.76s,105.36s,105.36s,1.06,1.02,1.3,1
Custom-LargeGates2-3,131.28s,142.24s,136.08s,141.96s,131.28s,1,1.08,1.04,1.08
Custom-LargeGates2-4,142.72s,146.34s,157.36s,151.40s,142.72s,1,1.03,1.1,1.06
Custom-LargeGates2-5,134.76s,124.74s,139.96s,125.94s,124.74s,1.08,1,1.12,1.01
Custom-LargeGates2-6,184.05s,228.83s,185.09s,168.00s,168.00s,1.1,1.36,1.1,1
Custom-LimitedOverflow,73.92s,75.42s,75.92s,74.78s,73.92s,1,1.02,1.03,1.01
Custom-LimitedOverflow2,123.36s,126.80s,126.04s,124.28s,123.36s,1,1.03,1.02,1.01
Custom-LimitedOverflow3,222.33s,225.73s,228.65s,220.49s,220.49s,1.01,1.02,1.04,1
Custom-MultiplePaths,121.16s,122.04s,121.58s,120.48s,120.48s,1.01,1.01,1.01,1
Custom-MultiplePaths2,158.48s,144.26s,157.12s,137.54s,137.54s,1.15,1.05,1.14,1
Custom-MultiplePaths3,218.85s,209.47s,221.25s,157.50s,157.50s,1.39,1.33,1.4,1
Custom-MultiplePaths4,290.19s,274.83s,302.35s,182.05s,182.05s,1.59,1.51,1.66,1
Custom-MultiplePaths5,364.74s,F,409.69s,205.49s,205.49s,1.78,F,1.99,1
Custom-MultiplePaths6,175.89s,142.08s,177.15s,142.92s,142.08s,1.24,1,1.25,1.01
Custom-MultiplePaths7,74.32s,74.46s,75.34s,73.72s,73.72s,1.01,1.01,1.02,1
Custom-ObstacleIslands,133.30s,179.83s,170.32s,133.90s,133.30s,1,1.35,1.28,1
Custom-ObstacleIslands2,172.90s,174.39s,173.12s,149.58s,149.58s,1.16,1.17,1.16,1
Custom-ObstacleIslands3,188.01s,141.30s,191.67s,132.80s,132.80s,1.42,1.06,1.44,1
Custom-ObstacleIslands4,179.01s,139.66s,185.37s,149.60s,139.66s,1.28,1,1.33,1.07
Custom-ObstacleIslands5,251.68s,202.77s,283.39s,202.39s,202.39s,1.24,1,1.4,1
Custom-Plains-1,60.60s,60.04s,61.08s,60.12s,60.04s,1.01,1,1.02,1
Custom-Plains-2,45.40s,45.10s,46.08s,45.58s,45.10s,1.01,1,1.02,1.01
Custom-RoughWalls,75.56s,76.50s,76.40s,76.92s,75.56s,1,1.01,1.01,1.02
Custom-RoughWalls2,129.10s,128.88s,128.84s,129.02s,128.84s,1,1,1,1
Custom-RoughWalls3,230.47s,230.33s,232.65s,230.05s,230.05s,1,1,1.01,1
Custom-ShortestPathNotTheBest,145.86s,160.74s,163.92s,122.86s,122.86s,1.19,1.31,1.33,1
Custom-ShortestPathNotTheBest2,131.56s,129.10s,139.96s,113.06s,113.06s,1.16,1.14,1.24,1
Custom-ShortestPathNotTheBest3,97.72s,94.54s,98.12s,95.76s,94.54s,1.03,1,1.04,1.01
Custom-ShortestPathNotTheBest4,64.96s,62.54s,85.64s,61.90s,61.90s,1.05,1.01,1.38,1
Custom-ShortestPathNotTheBest5,134.06s,134.48s,140.96s,129.20s,129.20s,1.04,1.04,1.09,1
Custom-SimpleTwoPaths,87.68s,87.74s,87.72s,88.44s,87.68s,1,1,1,1.01
Custom-SimpleTwoPaths2,104.26s,107.34s,104.70s,100.42s,100.42s,1.04,1.07,1.04,1
Custom-SimpleTwoPaths3,158.16s,161.50s,161.04s,124.54s,124.54s,1.27,1.3,1.29,1
Custom-SimpleTwoPaths4,88.56s,87.20s,87.46s,89.18s,87.20s,1.02,1,1,1.02
Custom-SimpleTwoPaths5,106.84s,109.98s,105.68s,107.20s,105.68s,1.01,1.04,1,1.01
Custom-SmallerMap-1,111.14s,130.92s,117.72s,100.82s,100.82s,1.1,1.3,1.17,1
Custom-SmallerMap-2,163.06s,86.54s,175.61s,83.98s,83.98s,1.94,1.03,2.09,1
Custom-SmallerMap-3,91.64s,79.52s,93.40s,73.90s,73.90s,1.24,1.08,1.26,1
Custom-SmallerObstacles-1,124.46s,124.84s,131.96s,125.98s,124.46s,1,1,1.06,1.01
Custom-SmallerObstacles-2,187.29s,204.85s,230.75s,192.65s,187.29s,1,1.09,1.23,1.03
Custom-SmallerObstacles-3,100.50s,117.68s,122.90s,100.28s,100.28s,1,1.17,1.23,1
Custom-SmallerObstacles-4,193.03s,351.42s,211.31s,169.14s,169.14s,1.14,2.08,1.25,1
Starcraft-AcrossTheCape-1,398.19s,433.06s,411.75s,379.23s,379.23s,1.05,1.14,1.09,1
Starcraft-AcrossTheCape-2,469.49s,387.71s,543.38s,394.73s,387.71s,1.21,1,1.4,1.02
Starcraft-AfterShock-1,188.35s,181.67s,249.52s,170.28s,170.28s,1.11,1.07,1.47,1
Starcraft-Archipelago-1,236.42s,272.64s,242.26s,226.31s,226.31s,1.04,1.2,1.07,1
Starcraft-Aurora-1,182.77s,321.32s,301.77s,207.39s,182.77s,1,1.76,1.65,1.13
Starcraft-Aurora-2,282.39s,253.12s,289.11s,251.78s,251.78s,1.12,1.01,1.15,1
Starcraft-BackWoods-1,232.75s,238.84s,263.18s,214.09s,214.09s,1.09,1.12,1.23,1
Starcraft-BigGameHunters-1,278.55s,282.65s,291.03s,280.91s,278.55s,1,1.01,1.04,1.01
Starcraft-BlackLotus-1,234.00s,243.74s,236.84s,227.13s,227.13s,1.03,1.07,1.04,1
Starcraft-BlastFurnace-1,449.96s,378.77s,464.39s,379.21s,378.77s,1.19,1,1.23,1
Starcraft-BlastFurnace-2,451.80s,478.87s,455.40s,440.70s,440.70s,1.03,1.09,1.03,1
Starcraft-BrokenSteppes-1,461.59s,360.96s,505.03s,356.14s,356.14s,1.3,1.01,1.42,1
Starcraft-BrokenSteppes-2,564.53s,457.56s,580.78s,458.22s,457.56s,1.23,1,1.27,1
Starcraft-BrokenSteppes-3,265.02s,226.15s,269.54s,226.47s,226.15s,1.17,1,1.19,1
Starcraft-Caldera-1,283.85s,300.75s,354.08s,299.89s,283.85s,1,1.06,1.25,1.06
Starcraft-CatWalkAlley-1,504.01s,508.07s,514.57s,502.41s,502.41s,1,1.01,1.02,1
Starcraft-Cauldron-1,391.59s,374.01s,522.95s,323.56s,323.56s,1.21,1.16,1.62,1
Starcraft-Cauldron-2,592.03s,377.33s,557.57s,369.23s,369.23s,1.6,1.02,1.51,1
Starcraft-Cauldron-3,726.78s,627.57s,1027.02s,633.51s,627.57s,1.16,1,1.64,1.01
Starcraft-CrashSites-1,243.04s,177.43s,283.37s,251.60s,177.43s,1.37,1,1.6,1.42
Starcraft-CrossRoads-1,330.58s,318.75s,422.34s,308.05s,308.05s,1.07,1.03,1.37,1
Starcraft-CrossRoads-2,442.80s,386.43s,450.80s,388.91s,386.43s,1.15,1,1.17,1.01
Starcraft-DarkContinent-1,573.90s,484.01s,593.71s,489.11s,484.01s,1.19,1,1.23,1.01
Starcraft-Desolation-1,263.16s,246.26s,312.67s,201.81s,201.81s,1.3,1.22,1.55,1
Starcraft-EbonLakes-1,416.30s,410.05s,452.54s,420.68s,410.05s,1.02,1,1.1,1.03
Starcraft-EbonLakes-2,307.95s,313.73s,314.11s,314.11s,307.95s,1,1.02,1.02,1.02
Starcraft-ElderLands-1,418.50s,395.33s,452.94s,377.85s,377.85s,1.11,1.05,1.2,1
Starcraft-Enigma-1,341.30s,390.61s,357.46s,342.70s,341.30s,1,1.14,1.05,1
Starcraft-Enigma-2,446.60s,462.13s,454.90s,434.48s,434.48s,1.03,1.06,1.05,1
Starcraft-Enigma-3,288.75s,297.99s,303.37s,302.97s,288.75s,1,1.03,1.05,1.05
Starcraft-Entanglement-1,153.44s,184.55s,182.61s,134.28s,134.28s,1.14,1.37,1.36,1
Starcraft-Entanglement-2,724.28s,368.65s,788.30s,337.30s,337.30s,2.15,1.09,2.34,1
Starcraft-Eruption-1,342.94s,369.27s,350.42s,347.12s,342.94s,1,1.08,1.02,1.01
Starcraft-Expedition-1,376.83s,329.90s,410.65s,284.81s,284.81s,1.32,1.16,1.44,1
Starcraft-Expedition-2,610.76s,316.27s,612.32s,310.99s,310.99s,1.96,1.02,1.97,1
Starcraft-Expedition-3,128.48s,233.66s,342.36s,152.04s,128.48s,1,1.82,2.66,1.18
Starcraft-FloodedPlains-1,497.41s,497.35s,527.63s,393.53s,393.53s,1.26,1.26,1.34,1
Starcraft-FloodedPlains-2,173.47s,177.93s,259.08s,179.99s,173.47s,1,1.03,1.49,1.04
Starcraft-FloodedPlains-3,337.52s,364.66s,477.37s,342.40s,337.52s,1,1.08,1.41,1.01
Starcraft-GhostTown-1,254.18s,276.63s,301.09s,251.90s,251.90s,1.01,1.1,1.2,1
Starcraft-GhostTown-2,234.72s,194.43s,245.90s,189.75s,189.75s,1.24,1.02,1.3,1
Starcraft-GladiatorPits-1,421.02s,380.81s,503.27s,384.49s,380.81s,1.11,1,1.32,1.01
Starcraft-GladiatorPits-2,607.78s,521.69s,614.86s,395.81s,395.81s,1.54,1.32,1.55,1
Starcraft-GreenerPastures-1,415.98s,283.19s,439.08s,280.27s,280.27s,1.48,1.01,1.57,1
Starcraft-HellFire-1,204.61s,180.73s,234.18s,179.79s,179.79s,1.14,1.01,1.3,1
Starcraft-HellFire-2,395.05s,198.59s,194.53s,192.97s,192.97s,2.05,1.03,1.01,1
Starcraft-HellFire-3,273.08s,183.23s,258.62s,186.21s,183.23s,1.49,1,1.41,1.02
Starcraft-HotZone-1,138.30s,145.36s,154.66s,128.26s,128.26s,1.08,1.13,1.21,1
Starcraft-HotZone-2,202.63s,217.45s,219.47s,181.55s,181.55s,1.12,1.2,1.21,1
Starcraft-HotZone-3,172.32s,241.28s,214.17s,171.80s,171.80s,1,1.4,1.25,1
Starcraft-Isolation-1,233.14s,142.00s,356.92s,138.04s,138.04s,1.69,1.03,2.59,1
Starcraft-Isolation-2,437.46s,261.84s,455.90s,225.79s,225.79s,1.94,1.16,2.02,1
Starcraft-JungleSiege-1,583.24s,744.63s,593.61s,630.83s,583.24s,1,1.28,1.02,1.08
Starcraft-JungleSiege-2,220.45s,197.31s,286.59s,197.87s,197.31s,1.12,1,1.45,1
Starcraft-JungleSiege-3,567.29s,630.17s,564.89s,651.86s,564.89s,1,1.12,1,1.15
Starcraft-Labyrinth-1,540.74s,548.60s,552.83s,548.32s,540.74s,1,1.01,1.02,1.01
Starcraft-Labyrinth-2,307.13s,358.12s,316.05s,307.23s,307.13s,1,1.17,1.03,1
Starcraft-LakeShore-1,988.69s,518.03s,995.03s,490.75s,490.75s,2.01,1.06,2.03,1
Starcraft-LakeShore-2,326.48s,321.84s,355.86s,311.17s,311.17s,1.05,1.03,1.14,1
Starcraft-Medusa-1,451.56s,437.54s,478.57s,398.19s,398.19s,1.13,1.1,1.2,1
Starcraft-Medusa-2,370.35s,327.78s,372.91s,329.72s,327.78s,1.13,1,1.14,1.01
Warcraft3-Battleground-1,242.24s,298.99s,264.02s,224.99s,224.99s,1.08,1.33,1.17,1
Warcraft3-Battleground-2,263.64s,288.29s,267.66s,268.44s,263.64s,1,1.09,1.02,1.02
Warcraft3-BlastedLands-1,115.74s,128.80s,171.52s,109.84s,109.84s,1.05,1.17,1.56,1
Warcraft3-DarkForest-1,179.21s,183.57s,204.07s,168.38s,168.38s,1.06,1.09,1.21,1
Warcraft3-DarkForest-2,145.90s,173.06s,151.20s,160.34s,145.90s,1,1.19,1.04,1.1
Warcraft3-DeadWaterDrop-1,187.21s,231.13s,352.08s,229.69s,187.21s,1,1.23,1.88,1.23
Warcraft3-DeadWaterDrop-2,189.27s,186.45s,296.17s,168.64s,168.64s,1.12,1.11,1.76,1
Warcraft3-DivideAndConquer-1,290.05s,286.77s,297.07s,287.23s,286.77s,1.01,1,1.04,1
Warcraft3-DivideAndConquer-2,220.41s,264.80s,219.55s,245.06s,219.55s,1,1.21,1,1.12
Warcraft3-DragonFire-1,278.49s,345.74s,298.01s,281.43s,278.49s,1,1.24,1.07,1.01
Warcraft3-DragonFire-2,349.84s,367.18s,348.28s,338.98s,338.98s,1.03,1.08,1.03,1
Warcraft3-DryWaterGulch-1,399.61s,487.89s,404.79s,402.83s,399.61s,1,1.22,1.01,1.01
Warcraft3-DryWaterGulch-2,452.24s,482.63s,461.50s,425.96s,425.96s,1.06,1.13,1.08,1
Warcraft3-DuskWood-1,319.71s,332.52s,325.32s,295.87s,295.87s,1.08,1.12,1.1,1
Warcraft3-DuskWood-2,241.94s,232.01s,243.62s,222.29s,222.29s,1.09,1.04,1.1,1
Warcraft3-DuskWood-3,301.55s,164.26s,301.37s,167.34s,164.26s,1.84,1,1.83,1.02
Warcraft3-FrostSabre-1,127.14s,147.58s,149.44s,141.46s,127.14s,1,1.16,1.18,1.11
Warcraft3-FrostSabre-2,142.48s,148.02s,152.88s,148.42s,142.48s,1,1.04,1.07,1.04
Warcraft3-GardenOfWar-1,296.29s,346.14s,324.08s,311.99s,296.29s,1,1.17,1.09,1.05
Warcraft3-GardenOfWar-2,314.75s,375.55s,323.16s,313.43s,313.43s,1,1.2,1.03,1
Warcraft3-GardenOfWar-3,251.38s,289.67s,284.19s,295.41s,251.38s,1,1.15,1.13,1.18
Warcraft3-GolemsInTheMist-1,151.36s,151.92s,157.88s,148.72s,148.72s,1.02,1.02,1.06,1
Warcraft3-GolemsInTheMist-2,134.38s,163.98s,132.76s,125.88s,125.88s,1.07,1.3,1.05,1
Warcraft3-HarvestMoon-1,258.72s,296.15s,277.21s,295.83s,258.72s,1,1.14,1.07,1.14
Warcraft3-HarvestMoon-2,203.19s,203.31s,201.99s,211.97s,201.99s,1.01,1.01,1,1.05
Warcraft3-IsleOfDread-1,136.74s,244.10s,154.48s,206.45s,136.74s,1,1.79,1.13,1.51
Warcraft3-IsleOfDread-2,268.28s,238.70s,290.55s,218.87s,218.87s,1.23,1.09,1.33,1
Warcraft3-LostTemple-1,101.10s,164.48s,127.10s,105.34s,101.10s,1,1.63,1.26,1.04
Warcraft3-LostTemple-2,117.86s,146.48s,143.10s,132.20s,117.86s,1,1.24,1.21,1.12
Warcraft3-MoonGlade-1,90.84s,94.60s,95.60s,93.52s,90.84s,1,1.04,1.05,1.03
Warcraft3-PetrifiedForest-1,274.18s,545.00s,281.03s,271.22s,271.22s,1.01,2.01,1.04,1
Warcraft3-PetrifiedForest-2,215.97s,226.75s,226.31s,203.09s,203.09s,1.06,1.12,1.11,1
Warcraft3-PlainsOfSnow-1,164.60s,153.96s,208.51s,156.36s,153.96s,1.07,1,1.35,1.02
Warcraft3-PlunderIsle-1,474.57s,460.84s,749.49s,346.08s,346.08s,1.37,1.33,2.17,1
Warcraft3-PlunderIsle-2,284.87s,277.15s,311.15s,261.14s,261.14s,1.09,1.06,1.19,1
Warcraft3-ScorchedBasin-1,396.31s,307.27s,452.92s,277.89s,277.89s,1.43,1.11,1.63,1
Warcraft3-ScorchedBasin-2,232.15s,243.42s,238.08s,212.11s,212.11s,1.09,1.15,1.12,1
Warcraft3-TheCrucible-1,190.37s,238.92s,267.46s,191.63s,190.37s,1,1.26,1.4,1.01
Warcraft3-TranquilPaths-1,401.65s,239.90s,508.72s,217.21s,217.21s,1.85,1.1,2.34,1
,,,,,,,,,
Averages,,,,,,1.1265,1.1524,1.2422,1.0303
Custom Average,,,,,,1.0864,1.1676,1.1681,1.0295
Starcraft Average,,,,,,1.2121,1.1044,1.3559,1.0211
Warcraft 3 Average,,,,,,1.0954,1.1890,1.2541,1.0464
