Experiment Name,FlowField,FG,A*,RFG,Best Time,FlowField Relative,FG Relative,A* Relative,RFG Relative
Custom-AlternatingGates1,109.12s,111.52s,110.56s,114.90s,109.12s,1,1.02,1.01,1.05
Custom-AlternatingGates2,122.08s,123.80s,123.02s,117.72s,117.72s,1.04,1.05,1.05,1
Custom-AlternatingGates3,179.61s,175.35s,176.01s,160.34s,160.34s,1.12,1.09,1.1,1
Custom-BlockWorld,231.37s,250.36s,340.94s,241.10s,231.37s,1,1.08,1.47,1.04
Custom-BlockWorld2,205.27s,215.61s,224.11s,210.71s,205.27s,1,1.05,1.09,1.03
Custom-BlockWorld3,220.11s,220.09s,240.94s,206.17s,206.17s,1.07,1.07,1.17,1
Custom-BlockWorld4,190.53s,186.11s,196.87s,189.35s,186.11s,1.02,1,1.06,1.02
Custom-BlockWorld5,174.79s,206.51s,187.07s,170.46s,170.46s,1.03,1.21,1.1,1
Custom-CentralRegion-1,293.87s,357.34s,301.91s,217.91s,217.91s,1.35,1.64,1.39,1
Custom-CentralRegion-2,201.93s,222.27s,209.89s,180.99s,180.99s,1.12,1.23,1.16,1
Custom-CentralRegion-3,249.94s,192.75s,254.94s,183.35s,183.35s,1.36,1.05,1.39,1
Custom-Circles-1,221.79s,239.90s,279.73s,207.15s,207.15s,1.07,1.16,1.35,1
Custom-Circles-2,199.95s,205.29s,227.77s,196.03s,196.03s,1.02,1.05,1.16,1
Custom-Circles-3,92.90s,101.74s,101.66s,98.42s,92.90s,1,1.1,1.09,1.06
Custom-ConnectedCaverns,139.92s,131.80s,158.24s,131.32s,131.32s,1.07,1,1.2,1
Custom-ConnectedCaverns2,152.00s,238.04s,177.01s,191.33s,152.00s,1,1.57,1.16,1.26
Custom-ConnectedCaverns3,114.84s,97.74s,123.00s,98.06s,97.74s,1.17,1,1.26,1
Custom-ConnectedCaverns4,160.66s,153.30s,179.13s,155.92s,153.30s,1.05,1,1.17,1.02
Custom-ConnectedCaverns5,152.42s,153.94s,177.93s,152.72s,152.42s,1,1.01,1.17,1
Custom-ConnectedCaverns6,149.10s,133.10s,159.54s,131.30s,131.30s,1.14,1.01,1.22,1
Custom-ConnectedCaverns7,132.58s,122.08s,146.24s,122.60s,122.08s,1.09,1,1.2,1
Custom-ConstantGateSize,127.84s,129.94s,129.56s,127.28s,127.28s,1,1.02,1.02,1
Custom-ConstantGateSize2,156.42s,158.68s,158.18s,155.36s,155.36s,1.01,1.02,1.02,1
Custom-ConstantGateSize3,211.31s,213.91s,218.57s,210.03s,210.03s,1.01,1.02,1.04,1
Custom-ConstantGateSize4,117.52s,118.90s,118.58s,117.50s,117.50s,1,1.01,1.01,1
Custom-ConstantGateSize5,104.50s,104.60s,104.56s,103.62s,103.62s,1.01,1.01,1.01,1
Custom-DashedGates-1,241.06s,327.04s,284.11s,251.94s,241.06s,1,1.36,1.18,1.05
Custom-DashedGates-2,182.81s,175.65s,220.47s,169.80s,169.80s,1.08,1.03,1.3,1
Custom-DashedGates-3,258.18s,324.56s,386.85s,278.41s,258.18s,1,1.26,1.5,1.08
Custom-DashedGates-4,231.77s,445.30s,339.14s,270.44s,231.77s,1,1.92,1.46,1.17
Custom-DecreasingGateSize,124.76s,126.08s,126.06s,125.00s,124.76s,1,1.01,1.01,1
Custom-DecreasingGateSize2,150.42s,151.66s,151.96s,150.76s,150.42s,1,1.01,1.01,1
Custom-DecreasingGateSize3,200.43s,201.85s,205.87s,200.45s,200.43s,1,1.01,1.03,1
Custom-DecreasingGateSize4,113.58s,114.14s,113.80s,114.00s,113.58s,1,1,1,1
Custom-DecreasingGateSize5,90.36s,90.68s,90.58s,90.30s,90.30s,1,1,1,1
Custom-ExampleMap-1,277.23s,238.42s,308.37s,220.63s,220.63s,1.26,1.08,1.4,1
Custom-ExampleMap-2,227.23s,210.09s,229.73s,202.23s,202.23s,1.12,1.04,1.14,1
Custom-ExampleMap-3,180.51s,167.86s,236.48s,163.00s,163.00s,1.11,1.03,1.45,1
Custom-ExampleMap-4,161.72s,154.48s,171.68s,150.26s,150.26s,1.08,1.03,1.14,1
Custom-ExampleMap-5,171.22s,272.76s,188.65s,180.91s,171.22s,1,1.59,1.1,1.06
Custom-ExampleMap-6,156.34s,164.24s,164.26s,155.94s,155.94s,1,1.05,1.05,1
Custom-ExampleOverflow,76.34s,74.88s,74.48s,75.60s,74.48s,1.02,1.01,1,1.02
Custom-ExampleOverflow2,127.46s,126.66s,126.12s,126.78s,126.12s,1.01,1,1,1.01
Custom-ExampleOverflow3,232.93s,231.77s,230.99s,230.61s,230.61s,1.01,1.01,1,1
Custom-Hallway-1,330.16s,463.23s,343.20s,257.64s,257.64s,1.28,1.8,1.33,1
Custom-Hallway-2,282.89s,450.58s,289.31s,237.58s,237.58s,1.19,1.9,1.22,1
Custom-Hallway-3,190.95s,188.31s,210.11s,174.77s,174.77s,1.09,1.08,1.2,1
Custom-Hallway-4,359.18s,654.52s,379.81s,327.90s,327.90s,1.1,2,1.16,1
Custom-Labyrinth,232.47s,203.09s,235.88s,194.97s,194.97s,1.19,1.04,1.21,1
Custom-Labyrinth2,180.33s,182.19s,183.37s,182.77s,180.33s,1,1.01,1.02,1.01
Custom-Labyrinth3,160.24s,161.58s,160.28s,162.84s,160.24s,1,1.01,1,1.02
Custom-Labyrinth4,205.75s,192.31s,204.65s,187.53s,187.53s,1.1,1.03,1.09,1
Custom-Labyrinth5,205.55s,196.45s,206.23s,182.97s,182.97s,1.12,1.07,1.13,1
Custom-LargeGates-1,112.58s,109.62s,135.22s,114.36s,109.62s,1.03,1,1.23,1.04
Custom-LargeGates-2,110.68s,105.00s,114.24s,106.24s,105.00s,1.05,1,1.09,1.01
Custom-LargeGates-3,81.12s,80.58s,86.30s,80.40s,80.40s,1.01,1,1.07,1
Custom-LargeGates-4,115.84s,118.16s,140.92s,117.34s,115.84s,1,1.02,1.22,1.01
Custom-LargeGates2-1,132.46s,128.02s,144.84s,122.14s,122.14s,1.08,1.05,1.19,1
Custom-LargeGates2-2,104.76s,99.10s,129.40s,96.50s,96.50s,1.09,1.03,1.34,1
Custom-LargeGates2-3,125.34s,137.78s,130.46s,137.08s,125.34s,1,1.1,1.04,1.09
Custom-LargeGates2-4,135.38s,138.22s,146.88s,140.12s,135.38s,1,1.02,1.08,1.04
Custom-LargeGates2-5,126.48s,115.52s,132.72s,116.42s,115.52s,1.09,1,1.15,1.01
Custom-LargeGates2-6,174.47s,158.14s,175.45s,154.66s,154.66s,1.13,1.02,1.13,1
Custom-LimitedOverflow,70.66s,72.08s,72.20s,71.48s,70.66s,1,1.02,1.02,1.01
Custom-LimitedOverflow2,115.42s,118.04s,116.70s,115.98s,115.42s,1,1.02,1.01,1
Custom-LimitedOverflow3,203.73s,207.01s,209.71s,202.45s,202.45s,1.01,1.02,1.04,1
Custom-MultiplePaths,118.86s,118.72s,118.72s,118.18s,118.18s,1.01,1,1,1
Custom-MultiplePaths2,151.84s,137.66s,150.76s,133.76s,133.76s,1.14,1.03,1.13,1
Custom-MultiplePaths3,205.57s,167.76s,208.01s,152.10s,152.10s,1.35,1.1,1.37,1
Custom-MultiplePaths4,268.32s,226.51s,279.97s,171.40s,171.40s,1.57,1.32,1.63,1
Custom-MultiplePaths5,330.86s,F,376.23s,192.59s,192.59s,1.72,F,1.95,1
Custom-MultiplePaths6,162.92s,118.42s,163.96s,119.34s,118.42s,1.38,1,1.38,1.01
Custom-MultiplePaths7,72.14s,71.80s,72.62s,71.48s,71.48s,1.01,1,1.02,1
Custom-ObstacleIslands,122.56s,139.12s,159.96s,125.86s,122.56s,1,1.14,1.31,1.03
Custom-ObstacleIslands2,163.30s,142.80s,163.80s,133.68s,133.68s,1.22,1.07,1.23,1
Custom-ObstacleIslands3,174.05s,130.90s,177.49s,120.40s,120.40s,1.45,1.09,1.47,1
Custom-ObstacleIslands4,165.38s,128.02s,170.46s,133.56s,128.02s,1.29,1,1.33,1.04
Custom-ObstacleIslands5,236.78s,193.27s,268.80s,191.77s,191.77s,1.23,1.01,1.4,1
Custom-Plains-1,58.16s,57.84s,59.14s,57.80s,57.80s,1.01,1,1.02,1
Custom-Plains-2,43.20s,43.24s,43.90s,43.42s,43.20s,1,1,1.02,1.01
Custom-RoughWalls,72.36s,73.04s,73.36s,73.38s,72.36s,1,1.01,1.01,1.01
Custom-RoughWalls2,119.98s,119.94s,119.92s,119.56s,119.56s,1,1,1,1
Custom-RoughWalls3,210.19s,210.61s,213.05s,209.65s,209.65s,1,1,1.02,1
Custom-ShortestPathNotTheBest,135.40s,114.62s,154.06s,114.54s,114.54s,1.18,1,1.34,1
Custom-ShortestPathNotTheBest2,123.88s,105.52s,132.60s,105.46s,105.46s,1.17,1,1.26,1
Custom-ShortestPathNotTheBest3,94.60s,92.86s,95.36s,93.26s,92.86s,1.02,1,1.03,1
Custom-ShortestPathNotTheBest4,59.16s,58.08s,79.66s,58.40s,58.08s,1.02,1,1.37,1.01
Custom-ShortestPathNotTheBest5,125.98s,104.72s,132.82s,105.30s,104.72s,1.2,1,1.27,1.01
Custom-SimpleTwoPaths,84.58s,84.66s,84.68s,85.40s,84.58s,1,1,1,1.01
Custom-SimpleTwoPaths2,98.60s,101.92s,99.30s,95.66s,95.66s,1.03,1.07,1.04,1
Custom-SimpleTwoPaths3,146.96s,150.24s,149.98s,116.20s,116.20s,1.26,1.29,1.29,1
Custom-SimpleTwoPaths4,85.28s,84.22s,84.46s,86.10s,84.22s,1.01,1,1,1.02
Custom-SimpleTwoPaths5,100.98s,104.64s,100.46s,101.28s,100.46s,1.01,1.04,1,1.01
Custom-SmallerMap-1,105.90s,95.06s,112.72s,95.22s,95.06s,1.11,1,1.19,1
Custom-SmallerMap-2,149.78s,79.44s,161.94s,78.54s,78.54s,1.91,1.01,2.06,1
Custom-SmallerMap-3,86.82s,70.00s,88.68s,70.20s,70.00s,1.24,1,1.27,1
Custom-SmallerObstacles-1,118.66s,112.34s,125.84s,111.08s,111.08s,1.07,1.01,1.13,1
Custom-SmallerObstacles-2,178.53s,165.32s,216.87s,179.55s,165.32s,1.08,1,1.31,1.09
Custom-SmallerObstacles-3,94.54s,100.44s,115.02s,93.76s,93.76s,1.01,1.07,1.23,1
Custom-SmallerObstacles-4,181.25s,298.03s,194.49s,160.82s,160.82s,1.13,1.85,1.21,1
Starcraft-AcrossTheCape-1,375.79s,398.05s,387.75s,356.58s,356.58s,1.05,1.12,1.09,1
Starcraft-AcrossTheCape-2,440.62s,371.95s,513.81s,377.17s,371.95s,1.18,1,1.38,1.01
Starcraft-AfterShock-1,168.72s,148.24s,208.57s,138.90s,138.90s,1.21,1.07,1.5,1
Starcraft-Archipelago-1,225.15s,223.33s,226.93s,215.33s,215.33s,1.05,1.04,1.05,1
Starcraft-Aurora-1,166.54s,270.16s,279.83s,173.85s,166.54s,1,1.62,1.68,1.04
Starcraft-Aurora-2,267.52s,233.60s,274.00s,236.70s,233.60s,1.15,1,1.17,1.01
Starcraft-BackWoods-1,218.65s,201.35s,246.98s,196.83s,196.83s,1.11,1.02,1.25,1
Starcraft-BigGameHunters-1,266.48s,268.06s,275.69s,266.04s,266.04s,1,1.01,1.04,1
Starcraft-BlackLotus-1,222.39s,214.61s,224.01s,212.31s,212.31s,1.05,1.01,1.06,1
Starcraft-BlastFurnace-1,429.76s,357.44s,442.32s,360.14s,357.44s,1.2,1,1.24,1.01
Starcraft-BlastFurnace-2,428.76s,448.76s,432.76s,416.12s,416.12s,1.03,1.08,1.04,1
Starcraft-BrokenSteppes-1,431.60s,338.12s,472.31s,336.44s,336.44s,1.28,1,1.4,1
Starcraft-BrokenSteppes-2,531.59s,425.46s,546.34s,426.82s,425.46s,1.25,1,1.28,1
Starcraft-BrokenSteppes-3,251.18s,213.93s,256.22s,214.47s,213.93s,1.17,1,1.2,1
Starcraft-Caldera-1,271.12s,269.88s,336.68s,268.20s,268.20s,1.01,1.01,1.26,1
Starcraft-CatWalkAlley-1,482.63s,484.29s,494.39s,481.43s,481.43s,1,1.01,1.03,1
Starcraft-Cauldron-1,353.88s,305.11s,483.19s,292.01s,292.01s,1.21,1.04,1.65,1
Starcraft-Cauldron-2,543.66s,333.98s,514.59s,330.26s,330.26s,1.65,1.01,1.56,1
Starcraft-Cauldron-3,686.12s,585.52s,957.73s,589.81s,585.52s,1.17,1,1.64,1.01
Starcraft-CrashSites-1,225.37s,158.66s,263.50s,219.35s,158.66s,1.42,1,1.66,1.38
Starcraft-CrossRoads-1,309.37s,295.17s,397.45s,293.85s,293.85s,1.05,1,1.35,1
Starcraft-CrossRoads-2,420.24s,359.02s,423.82s,362.82s,359.02s,1.17,1,1.18,1.01
Starcraft-DarkContinent-1,539.12s,457.90s,559.13s,460.02s,457.90s,1.18,1,1.22,1
Starcraft-Desolation-1,246.56s,211.95s,286.41s,172.70s,172.70s,1.43,1.23,1.66,1
Starcraft-EbonLakes-1,404.09s,393.71s,438.32s,405.25s,393.71s,1.03,1,1.11,1.03
Starcraft-EbonLakes-2,296.51s,302.29s,302.43s,301.21s,296.51s,1,1.02,1.02,1.02
Starcraft-ElderLands-1,397.95s,341.14s,422.30s,343.78s,341.14s,1.17,1,1.24,1.01
Starcraft-Enigma-1,332.28s,345.32s,346.00s,333.88s,332.28s,1,1.04,1.04,1
Starcraft-Enigma-2,427.74s,425.70s,436.02s,415.72s,415.72s,1.03,1.02,1.05,1
Starcraft-Enigma-3,282.55s,291.23s,295.71s,294.71s,282.55s,1,1.03,1.05,1.04
Starcraft-Entanglement-1,144.12s,134.86s,154.66s,128.40s,128.40s,1.12,1.05,1.2,1
Starcraft-Entanglement-2,660.23s,328.00s,729.58s,298.17s,298.17s,2.21,1.1,2.45,1
Starcraft-Eruption-1,336.84s,340.48s,343.22s,340.56s,336.84s,1,1.01,1.02,1.01
Starcraft-Expedition-1,355.18s,286.41s,388.31s,264.90s,264.90s,1.34,1.08,1.47,1
Starcraft-Expedition-2,567.63s,274.57s,567.09s,265.10s,265.10s,2.14,1.04,2.14,1
Starcraft-Expedition-3,119.24s,200.77s,309.19s,133.40s,119.24s,1,1.68,2.59,1.12
Starcraft-FloodedPlains-1,471.07s,376.05s,499.07s,373.91s,373.91s,1.26,1.01,1.33,1
Starcraft-FloodedPlains-2,158.50s,163.40s,241.18s,163.42s,158.50s,1,1.03,1.52,1.03
Starcraft-FloodedPlains-3,319.23s,320.35s,448.62s,321.56s,319.23s,1,1,1.41,1.01
Starcraft-GhostTown-1,242.88s,240.34s,285.67s,233.20s,233.20s,1.04,1.03,1.22,1
Starcraft-GhostTown-2,222.87s,180.89s,232.51s,179.87s,179.87s,1.24,1.01,1.29,1
Starcraft-GladiatorPits-1,393.17s,308.43s,475.27s,304.51s,304.51s,1.29,1.01,1.56,1
Starcraft-GladiatorPits-2,573.06s,400.05s,580.20s,380.55s,380.55s,1.51,1.05,1.52,1
Starcraft-GreenerPastures-1,387.19s,265.26s,408.69s,265.74s,265.26s,1.46,1,1.54,1
Starcraft-HellFire-1,190.09s,168.98s,219.89s,166.64s,166.64s,1.14,1.01,1.32,1
Starcraft-HellFire-2,309.49s,163.78s,181.89s,153.50s,153.50s,2.02,1.07,1.18,1
Starcraft-HellFire-3,253.74s,178.57s,241.26s,179.63s,178.57s,1.42,1,1.35,1.01
Starcraft-HotZone-1,129.60s,118.42s,142.00s,111.44s,111.44s,1.16,1.06,1.27,1
Starcraft-HotZone-2,193.29s,171.82s,207.09s,163.32s,163.32s,1.18,1.05,1.27,1
Starcraft-HotZone-3,159.60s,155.00s,198.17s,149.80s,149.80s,1.07,1.03,1.32,1
Starcraft-Isolation-1,203.97s,127.86s,327.12s,127.82s,127.82s,1.6,1,2.56,1
Starcraft-Isolation-2,404.73s,216.55s,422.88s,200.65s,200.65s,2.02,1.08,2.11,1
Starcraft-JungleSiege-1,554.53s,537.82s,559.37s,584.52s,537.82s,1.03,1,1.04,1.09
Starcraft-JungleSiege-2,198.71s,175.05s,263.88s,174.79s,174.79s,1.14,1,1.51,1
Starcraft-JungleSiege-3,538.20s,558.17s,536.00s,523.21s,523.21s,1.03,1.07,1.02,1
Starcraft-Labyrinth-1,528.85s,536.04s,540.28s,535.94s,528.85s,1,1.01,1.02,1.01
Starcraft-Labyrinth-2,296.97s,311.73s,305.27s,295.71s,295.71s,1,1.05,1.03,1
Starcraft-LakeShore-1,915.25s,466.75s,924.53s,454.50s,454.50s,2.01,1.03,2.03,1
Starcraft-LakeShore-2,311.99s,308.49s,341.40s,295.29s,295.29s,1.06,1.04,1.16,1
Starcraft-Medusa-1,433.96s,388.39s,459.46s,382.17s,382.17s,1.14,1.02,1.2,1
Starcraft-Medusa-2,351.94s,305.97s,355.14s,292.97s,292.97s,1.2,1.04,1.21,1
Warcraft3-Battleground-1,234.46s,218.99s,254.10s,214.49s,214.49s,1.09,1.02,1.18,1
Warcraft3-Battleground-2,254.30s,246.48s,258.58s,245.14s,245.14s,1.04,1.01,1.05,1
Warcraft3-BlastedLands-1,102.20s,105.16s,154.44s,102.70s,102.20s,1,1.03,1.51,1
Warcraft3-DarkForest-1,171.12s,164.08s,194.43s,160.38s,160.38s,1.07,1.02,1.21,1
Warcraft3-DarkForest-2,138.62s,150.12s,142.82s,134.32s,134.32s,1.03,1.12,1.06,1
Warcraft3-DeadWaterDrop-1,174.89s,180.71s,320.53s,199.85s,174.89s,1,1.03,1.83,1.14
Warcraft3-DeadWaterDrop-2,169.40s,158.54s,264.96s,157.84s,157.84s,1.07,1,1.68,1
Warcraft3-DivideAndConquer-1,280.29s,271.64s,287.33s,278.21s,271.64s,1.03,1,1.06,1.02
Warcraft3-DivideAndConquer-2,211.11s,203.97s,209.83s,215.51s,203.97s,1.03,1,1.03,1.06
Warcraft3-DragonFire-1,270.96s,277.91s,288.01s,272.54s,270.96s,1,1.03,1.06,1.01
Warcraft3-DragonFire-2,340.10s,330.08s,338.36s,328.00s,328.00s,1.04,1.01,1.03,1
Warcraft3-DryWaterGulch-1,388.77s,392.61s,392.41s,386.83s,386.83s,1.01,1.01,1.01,1
Warcraft3-DryWaterGulch-2,442.00s,414.49s,450.30s,414.76s,414.49s,1.07,1,1.09,1
Warcraft3-DuskWood-1,308.97s,289.07s,312.23s,282.17s,282.17s,1.1,1.02,1.11,1
Warcraft3-DuskWood-2,228.91s,222.41s,232.37s,212.83s,212.83s,1.08,1.05,1.09,1
Warcraft3-DuskWood-3,280.09s,150.18s,280.95s,148.74s,148.74s,1.88,1.01,1.89,1
Warcraft3-FrostSabre-1,120.34s,125.96s,128.86s,126.54s,120.34s,1,1.05,1.07,1.05
Warcraft3-FrostSabre-2,124.78s,125.94s,143.56s,125.72s,124.78s,1,1.01,1.15,1.01
Warcraft3-GardenOfWar-1,288.07s,300.79s,313.15s,300.87s,288.07s,1,1.04,1.09,1.04
Warcraft3-GardenOfWar-2,304.63s,307.87s,311.71s,300.07s,300.07s,1.02,1.03,1.04,1
Warcraft3-GardenOfWar-3,239.16s,235.06s,272.34s,253.32s,235.06s,1.02,1,1.16,1.08
Warcraft3-GolemsInTheMist-1,143.98s,127.48s,148.74s,139.68s,127.48s,1.13,1,1.17,1.1
Warcraft3-GolemsInTheMist-2,127.98s,126.76s,126.80s,120.04s,120.04s,1.07,1.06,1.06,1
Warcraft3-HarvestMoon-1,248.54s,259.28s,264.64s,256.92s,248.54s,1,1.04,1.06,1.03
Warcraft3-HarvestMoon-2,186.17s,188.63s,188.87s,193.39s,186.17s,1,1.01,1.01,1.04
Warcraft3-IsleOfDread-1,126.22s,177.01s,144.90s,126.36s,126.22s,1,1.4,1.15,1
Warcraft3-IsleOfDread-2,246.94s,192.25s,267.90s,187.33s,187.33s,1.32,1.03,1.43,1
Warcraft3-LostTemple-1,91.74s,110.48s,116.64s,97.82s,91.74s,1,1.2,1.27,1.07
Warcraft3-LostTemple-2,108.16s,117.28s,132.30s,99.26s,99.26s,1.09,1.18,1.33,1
Warcraft3-MoonGlade-1,87.46s,90.30s,90.74s,88.62s,87.46s,1,1.03,1.04,1.01
Warcraft3-PetrifiedForest-1,263.80s,441.90s,270.30s,244.64s,244.64s,1.08,1.81,1.1,1
Warcraft3-PetrifiedForest-2,208.57s,200.63s,218.53s,195.29s,195.29s,1.07,1.03,1.12,1
Warcraft3-PlainsOfSnow-1,150.92s,146.50s,195.07s,144.86s,144.86s,1.04,1.01,1.35,1
Warcraft3-PlunderIsle-1,417.12s,370.71s,697.23s,317.85s,317.85s,1.31,1.17,2.19,1
Warcraft3-PlunderIsle-2,271.20s,250.34s,294.61s,248.74s,248.74s,1.09,1.01,1.18,1
Warcraft3-ScorchedBasin-1,365.20s,258.98s,421.92s,231.07s,231.07s,1.58,1.12,1.83,1
Warcraft3-ScorchedBasin-2,218.63s,196.15s,226.79s,195.57s,195.57s,1.12,1,1.16,1
Warcraft3-TheCrucible-1,178.53s,192.75s,235.98s,181.65s,178.53s,1,1.08,1.32,1.02
Warcraft3-TranquilPaths-1,366.62s,216.17s,464.51s,201.99s,201.99s,1.82,1.07,2.3,1
,,,,,,,,,
Averages,,,,,,1.1411,1.0806,1.2577,1.0145
Custom Average,,,,,,1.0983,1.1036,1.1810,1.0136
Starcraft Average,,,,,,1.2308,1.0498,1.3764,1.0139
Warcraft 3 Average,,,,,,1.1103,1.0703,1.2685,1.0174
