Experiment Name,Flow Field,Flow Graph,A*,Regional Flow Graph,Map Width,Map Height
Custom-AlternatingGates1,0ms,85ms,0ms,148ms,256,256
Custom-AlternatingGates2,0ms,51ms,0ms,144ms,256,256
Custom-AlternatingGates3,0ms,51ms,0ms,142ms,256,256
Custom-BlockWorld,0ms,228ms,0ms,1132ms,256,256
Custom-BlockWorld2,0ms,239ms,0ms,1216ms,256,256
Custom-BlockWorld3,0ms,240ms,0ms,1135ms,256,256
Custom-BlockWorld4,0ms,237ms,0ms,1177ms,256,256
Custom-BlockWorld5,0ms,244ms,0ms,1182ms,256,256
Custom-CentralRegion-1,0ms,253ms,0ms,788ms,256,256
Custom-CentralRegion-2,0ms,241ms,0ms,823ms,256,256
Custom-CentralRegion-3,0ms,247ms,0ms,737ms,256,256
Custom-Circles-1,0ms,151ms,0ms,559ms,256,256
Custom-Circles-2,0ms,232ms,0ms,688ms,256,256
Custom-Circles-3,0ms,150ms,0ms,584ms,256,256
Custom-ConnectedCaverns,0ms,335ms,0ms,1023ms,256,256
Custom-ConnectedCaverns2,0ms,243ms,0ms,793ms,256,256
Custom-ConnectedCaverns3,0ms,259ms,0ms,822ms,256,256
Custom-ConnectedCaverns4,0ms,248ms,0ms,779ms,256,256
Custom-ConnectedCaverns5,0ms,225ms,0ms,780ms,256,256
Custom-ConnectedCaverns6,0ms,236ms,0ms,775ms,256,256
Custom-ConnectedCaverns7,0ms,244ms,0ms,769ms,256,256
Custom-ConstantGateSize,0ms,49ms,0ms,139ms,256,256
Custom-ConstantGateSize2,0ms,91ms,0ms,148ms,256,256
Custom-ConstantGateSize3,0ms,66ms,0ms,141ms,256,256
Custom-ConstantGateSize4,0ms,50ms,0ms,141ms,256,256
Custom-ConstantGateSize5,0ms,48ms,0ms,153ms,256,256
Custom-DashedGates-1,0ms,288ms,0ms,1214ms,256,256
Custom-DashedGates-2,0ms,257ms,0ms,1161ms,256,256
Custom-DashedGates-3,0ms,261ms,0ms,1172ms,256,256
Custom-DashedGates-4,0ms,249ms,0ms,1158ms,256,256
Custom-DecreasingGateSize,0ms,90ms,0ms,147ms,256,256
Custom-DecreasingGateSize2,0ms,57ms,0ms,148ms,256,256
Custom-DecreasingGateSize3,0ms,49ms,0ms,142ms,256,256
Custom-DecreasingGateSize4,0ms,54ms,0ms,144ms,256,256
Custom-DecreasingGateSize5,0ms,50ms,0ms,149ms,256,256
Custom-ExampleMap-1,0ms,199ms,0ms,727ms,256,256
Custom-ExampleMap-2,0ms,202ms,0ms,733ms,256,256
Custom-ExampleMap-3,0ms,200ms,0ms,746ms,256,256
Custom-ExampleMap-4,0ms,205ms,0ms,736ms,256,256
Custom-ExampleMap-5,0ms,178ms,0ms,753ms,256,256
Custom-ExampleMap-6,0ms,188ms,0ms,788ms,256,256
Custom-ExampleOverflow,0ms,15ms,0ms,51ms,128,128
Custom-ExampleOverflow2,0ms,16ms,0ms,48ms,128,128
Custom-ExampleOverflow3,0ms,15ms,0ms,51ms,128,128
Custom-Hallway-1,0ms,151ms,0ms,491ms,256,256
Custom-Hallway-2,0ms,180ms,0ms,461ms,256,256
Custom-Hallway-3,0ms,173ms,0ms,450ms,256,256
Custom-Hallway-4,0ms,175ms,0ms,590ms,256,256
Custom-Labyrinth,0ms,245ms,0ms,543ms,256,256
Custom-Labyrinth2,0ms,229ms,0ms,486ms,256,256
Custom-Labyrinth3,0ms,187ms,0ms,470ms,256,256
Custom-Labyrinth4,0ms,173ms,0ms,481ms,256,256
Custom-Labyrinth5,0ms,181ms,0ms,464ms,256,256
Custom-LargeGates-1,0ms,335ms,0ms,1400ms,256,256
Custom-LargeGates-2,0ms,315ms,0ms,1960ms,256,256
Custom-LargeGates-3,0ms,305ms,0ms,1298ms,256,256
Custom-LargeGates-4,0ms,304ms,0ms,1411ms,256,256
Custom-LargeGates2-1,0ms,174ms,0ms,739ms,256,256
Custom-LargeGates2-2,0ms,176ms,0ms,731ms,256,256
Custom-LargeGates2-3,0ms,166ms,0ms,718ms,256,256
Custom-LargeGates2-4,0ms,171ms,0ms,690ms,256,256
Custom-LargeGates2-5,0ms,171ms,0ms,712ms,256,256
Custom-LargeGates2-6,0ms,235ms,0ms,671ms,256,256
Custom-LimitedOverflow,0ms,28ms,0ms,50ms,128,128
Custom-LimitedOverflow2,0ms,16ms,0ms,63ms,128,128
Custom-LimitedOverflow3,0ms,16ms,0ms,55ms,128,128
Custom-MultiplePaths,0ms,106ms,0ms,391ms,256,256
Custom-MultiplePaths2,0ms,105ms,0ms,425ms,256,256
Custom-MultiplePaths3,0ms,102ms,0ms,475ms,256,256
Custom-MultiplePaths4,0ms,108ms,0ms,409ms,256,256
Custom-MultiplePaths5,0ms,F,0ms,375ms,256,256
Custom-MultiplePaths6,0ms,109ms,0ms,369ms,256,256
Custom-MultiplePaths7,0ms,110ms,0ms,377ms,256,256
Custom-ObstacleIslands,0ms,271ms,0ms,1172ms,256,256
Custom-ObstacleIslands2,0ms,267ms,0ms,1163ms,256,256
Custom-ObstacleIslands3,0ms,278ms,0ms,1188ms,256,256
Custom-ObstacleIslands4,0ms,273ms,0ms,1172ms,256,256
Custom-ObstacleIslands5,0ms,290ms,0ms,1166ms,256,256
Custom-Plains-1,0ms,58ms,0ms,54ms,128,128
Custom-Plains-2,0ms,57ms,0ms,52ms,128,128
Custom-RoughWalls,0ms,16ms,0ms,56ms,128,128
Custom-RoughWalls2,0ms,17ms,0ms,53ms,128,128
Custom-RoughWalls3,0ms,16ms,0ms,53ms,128,128
Custom-ShortestPathNotTheBest,0ms,18ms,0ms,83ms,128,128
Custom-ShortestPathNotTheBest2,0ms,56ms,0ms,95ms,128,128
Custom-ShortestPathNotTheBest3,0ms,19ms,0ms,77ms,128,128
Custom-ShortestPathNotTheBest4,0ms,57ms,0ms,84ms,128,128
Custom-ShortestPathNotTheBest5,0ms,26ms,0ms,75ms,128,128
Custom-SimpleTwoPaths,0ms,59ms,0ms,108ms,128,128
Custom-SimpleTwoPaths2,0ms,17ms,0ms,67ms,128,128
Custom-SimpleTwoPaths3,0ms,17ms,0ms,66ms,128,128
Custom-SimpleTwoPaths4,0ms,16ms,0ms,121ms,128,128
Custom-SimpleTwoPaths5,0ms,18ms,0ms,65ms,128,128
Custom-SmallerMap-1,0ms,38ms,0ms,200ms,128,128
Custom-SmallerMap-2,0ms,37ms,0ms,179ms,128,128
Custom-SmallerMap-3,0ms,39ms,0ms,186ms,128,128
Custom-SmallerObstacles-1,0ms,295ms,0ms,1093ms,256,256
Custom-SmallerObstacles-2,0ms,319ms,0ms,944ms,256,256
Custom-SmallerObstacles-3,0ms,286ms,0ms,978ms,256,256
Custom-SmallerObstacles-4,0ms,270ms,0ms,929ms,256,256
Starcraft-AcrossTheCape-1,0ms,2084ms,0ms,5337ms,512,512
Starcraft-AcrossTheCape-2,0ms,2153ms,0ms,5445ms,512,512
Starcraft-AfterShock-1,0ms,1558ms,0ms,4106ms,512,512
Starcraft-Archipelago-1,0ms,1271ms,0ms,3644ms,512,512
Starcraft-Aurora-1,0ms,2763ms,0ms,5487ms,512,512
Starcraft-Aurora-2,0ms,2727ms,0ms,5300ms,512,512
Starcraft-BackWoods-1,0ms,766ms,0ms,2013ms,512,512
Starcraft-BigGameHunters-1,0ms,1167ms,0ms,2849ms,512,512
Starcraft-BlackLotus-1,0ms,1224ms,0ms,2972ms,512,512
Starcraft-BlastFurnace-1,0ms,1749ms,0ms,4413ms,512,512
Starcraft-BlastFurnace-2,0ms,1849ms,0ms,4668ms,512,512
Starcraft-BrokenSteppes-1,0ms,2013ms,0ms,4990ms,512,512
Starcraft-BrokenSteppes-2,0ms,2190ms,0ms,5160ms,512,512
Starcraft-BrokenSteppes-3,0ms,2081ms,0ms,5217ms,512,512
Starcraft-Caldera-1,0ms,1338ms,0ms,3875ms,512,512
Starcraft-CatWalkAlley-1,0ms,2618ms,0ms,5556ms,512,512
Starcraft-Cauldron-1,0ms,2527ms,0ms,5207ms,512,512
Starcraft-Cauldron-2,0ms,2782ms,0ms,5400ms,512,512
Starcraft-Cauldron-3,0ms,2600ms,0ms,5539ms,512,512
Starcraft-CrashSites-1,0ms,1332ms,0ms,3244ms,512,512
Starcraft-CrossRoads-1,0ms,2294ms,0ms,6352ms,512,512
Starcraft-CrossRoads-2,0ms,2158ms,0ms,6165ms,512,512
Starcraft-DarkContinent-1,0ms,1124ms,0ms,2851ms,512,512
Starcraft-Desolation-1,0ms,195ms,0ms,684ms,256,256
Starcraft-EbonLakes-1,0ms,1430ms,0ms,3793ms,512,512
Starcraft-EbonLakes-2,0ms,1477ms,0ms,3721ms,512,512
Starcraft-ElderLands-1,0ms,2013ms,0ms,5083ms,512,512
Starcraft-Enigma-1,0ms,1240ms,0ms,2532ms,512,512
Starcraft-Enigma-2,0ms,1350ms,0ms,2553ms,512,512
Starcraft-Enigma-3,0ms,1279ms,0ms,2697ms,512,512
Starcraft-Entanglement-1,0ms,1891ms,0ms,5722ms,512,512
Starcraft-Entanglement-2,0ms,1662ms,0ms,5355ms,512,512
Starcraft-Eruption-1,0ms,1803ms,0ms,4427ms,512,512
Starcraft-Expedition-1,0ms,3605ms,0ms,8719ms,512,512
Starcraft-Expedition-2,0ms,3206ms,0ms,7796ms,512,512
Starcraft-Expedition-3,0ms,3633ms,0ms,7530ms,512,512
Starcraft-FloodedPlains-1,0ms,1822ms,0ms,4317ms,512,512
Starcraft-FloodedPlains-2,0ms,1931ms,0ms,4370ms,512,512
Starcraft-FloodedPlains-3,0ms,2030ms,0ms,4389ms,512,512
Starcraft-GhostTown-1,0ms,2194ms,0ms,5887ms,512,512
Starcraft-GhostTown-2,0ms,2067ms,0ms,6013ms,512,512
Starcraft-GladiatorPits-1,0ms,1234ms,0ms,3018ms,512,512
Starcraft-GladiatorPits-2,0ms,1291ms,0ms,3012ms,512,512
Starcraft-GreenerPastures-1,0ms,1164ms,0ms,4855ms,512,512
Starcraft-HellFire-1,0ms,1264ms,0ms,3111ms,512,512
Starcraft-HellFire-2,0ms,1219ms,0ms,3101ms,512,512
Starcraft-HellFire-3,0ms,1250ms,0ms,3107ms,512,512
Starcraft-HotZone-1,0ms,316ms,0ms,1158ms,256,256
Starcraft-HotZone-2,0ms,318ms,0ms,1157ms,256,256
Starcraft-HotZone-3,0ms,319ms,0ms,1160ms,256,256
Starcraft-Isolation-1,0ms,390ms,0ms,1523ms,256,256
Starcraft-Isolation-2,0ms,390ms,0ms,1482ms,256,256
Starcraft-JungleSiege-1,0ms,1314ms,0ms,3404ms,512,512
Starcraft-JungleSiege-2,0ms,1336ms,0ms,3647ms,512,512
Starcraft-JungleSiege-3,0ms,1196ms,0ms,3199ms,512,512
Starcraft-Labyrinth-1,0ms,840ms,0ms,1993ms,512,512
Starcraft-Labyrinth-2,0ms,861ms,0ms,2041ms,512,512
Starcraft-LakeShore-1,0ms,2053ms,0ms,4376ms,512,512
Starcraft-LakeShore-2,0ms,2060ms,0ms,4024ms,512,512
Starcraft-Medusa-1,0ms,1635ms,0ms,4118ms,512,512
Starcraft-Medusa-2,0ms,1661ms,0ms,4033ms,512,512
Warcraft3-Battleground-1,0ms,1043ms,0ms,3718ms,512,512
Warcraft3-Battleground-2,0ms,1111ms,0ms,4104ms,512,512
Warcraft3-BlastedLands-1,0ms,513ms,0ms,1521ms,256,256
Warcraft3-DarkForest-1,0ms,285ms,0ms,936ms,256,256
Warcraft3-DarkForest-2,0ms,286ms,0ms,1003ms,256,256
Warcraft3-DeadWaterDrop-1,0ms,324ms,0ms,1496ms,256,256
Warcraft3-DeadWaterDrop-2,0ms,461ms,0ms,1348ms,256,256
Warcraft3-DivideAndConquer-1,0ms,1225ms,0ms,3657ms,512,512
Warcraft3-DivideAndConquer-2,0ms,1274ms,0ms,4082ms,512,512
Warcraft3-DragonFire-1,0ms,1996ms,0ms,5690ms,512,512
Warcraft3-DragonFire-2,0ms,1964ms,0ms,5723ms,512,512
Warcraft3-DryWaterGulch-1,0ms,1742ms,0ms,4213ms,512,512
Warcraft3-DryWaterGulch-2,0ms,1750ms,0ms,4327ms,512,512
Warcraft3-DuskWood-1,0ms,1388ms,0ms,4255ms,512,512
Warcraft3-DuskWood-2,0ms,1324ms,0ms,4165ms,512,512
Warcraft3-DuskWood-3,0ms,1553ms,0ms,4354ms,512,512
Warcraft3-FrostSabre-1,0ms,256ms,0ms,991ms,256,256
Warcraft3-FrostSabre-2,0ms,249ms,0ms,947ms,256,256
Warcraft3-GardenOfWar-1,0ms,2045ms,0ms,5328ms,512,512
Warcraft3-GardenOfWar-2,0ms,1997ms,0ms,5594ms,512,512
Warcraft3-GardenOfWar-3,0ms,2103ms,0ms,5517ms,512,512
Warcraft3-GolemsInTheMist-1,0ms,246ms,0ms,893ms,256,256
Warcraft3-GolemsInTheMist-2,0ms,249ms,0ms,1334ms,256,256
Warcraft3-HarvestMoon-1,0ms,1636ms,0ms,4544ms,512,512
Warcraft3-HarvestMoon-2,0ms,1648ms,0ms,4859ms,512,512
Warcraft3-IsleOfDread-1,0ms,1534ms,0ms,5161ms,512,512
Warcraft3-IsleOfDread-2,0ms,1545ms,0ms,5133ms,512,512
Warcraft3-LostTemple-1,0ms,270ms,0ms,991ms,256,256
Warcraft3-LostTemple-2,0ms,330ms,0ms,1053ms,256,256
Warcraft3-MoonGlade-1,0ms,135ms,0ms,464ms,256,256
Warcraft3-PetrifiedForest-1,0ms,1189ms,0ms,3595ms,512,512
Warcraft3-PetrifiedForest-2,0ms,1161ms,0ms,3327ms,512,512
Warcraft3-PlainsOfSnow-1,0ms,132ms,0ms,597ms,256,256
Warcraft3-PlunderIsle-1,0ms,1065ms,0ms,3260ms,512,512
Warcraft3-PlunderIsle-2,0ms,1021ms,0ms,3265ms,512,512
Warcraft3-ScorchedBasin-1,0ms,1150ms,0ms,3661ms,512,512
Warcraft3-ScorchedBasin-2,0ms,1218ms,0ms,3579ms,512,512
Warcraft3-TheCrucible-1,0ms,1038ms,0ms,3013ms,512,512
Warcraft3-TranquilPaths-1,0ms,1103ms,0ms,3217ms,512,512
,,,,,,
Average Times,0.00ms,794.26ms,0.00ms,2150.16ms,,
128x128 Average,0.00ms,30.65ms,0.00ms,89.60ms,,
128x128 Q0,0.00ms,16.00ms,0.00ms,52.00ms,,
128x128 Q1,0.00ms,16.75ms,0.00ms,55.75ms,,
128x128 Q2,0.00ms,18.50ms,0.00ms,71.00ms,,
128x128 Q3,0.00ms,43.25ms,0.00ms,98.25ms,,
128x128 Q4,0.00ms,59.00ms,0.00ms,200.00ms,,
256x256 Average,0.00ms,219.49ms,0.00ms,806.59ms,,
256x256 Q0,0.00ms,48.00ms,0.00ms,139.00ms,,
256x256 Q1,0.00ms,171.00ms,0.00ms,483.50ms,,
256x256 Q2,0.00ms,238.00ms,0.00ms,775.00ms,,
256x256 Q3,0.00ms,272.50ms,0.00ms,1158.00ms,,
256x256 Q4,0.00ms,513.00ms,0.00ms,1960.00ms,,
512x512 Average,0.00ms,1690.08ms,0.00ms,4344.70ms,,
512x512 Q0,0.00ms,766.00ms,0.00ms,1993.00ms,,
512x512 Q1,0.00ms,1225.00ms,0.00ms,3265.00ms,,
512x512 Q2,0.00ms,1553.00ms,0.00ms,4255.00ms,,
512x512 Q3,0.00ms,2030.00ms,0.00ms,5217.00ms,,
512x512 Q4,0.00ms,3633.00ms,0.00ms,8719.00ms,,
