Experiment Name,FlowField - Repaths,FG - Repaths,A* - Repaths,RFG - Repaths,FlowField - Soft Repaths,FG - Soft Repaths,A* - Soft Repaths,RFG - Soft Repaths
Custom-AlternatingGates1,0,0,0,0,0,0,0,0
Custom-AlternatingGates2,0,0,0,0,0,0,0,0
Custom-AlternatingGates3,0,0,0,0,0,0,0,0
Custom-BlockWorld,0,0.8,0,0,0,0,0,19.7
Custom-BlockWorld2,0,5.1,0,0,0,0,0,0
Custom-BlockWorld3,0,4.8,0,74.2,0,0,0,0
Custom-BlockWorld4,0,0,0,16.8,0,0,0,0
Custom-BlockWorld5,0,4.1,0,0,0,0,0,154
Custom-CentralRegion-1,0,96,0.2,0,0,0,0,38.2
Custom-CentralRegion-2,0,2.5,0,0,0,0,0,3.4
Custom-CentralRegion-3,0,30.2,65.2,0,0,0,0,31.6
Custom-Circles-1,0,13.8,0,0,0,0,0,112.2
Custom-Circles-2,0,7.3,0,0,0,0,0,17.1
Custom-Circles-3,0,1.3,1.6,0,0,0,0,3.5
Custom-ConnectedCaverns,0,1.9,17.6,1.1,0,0,0,0.8
Custom-ConnectedCaverns2,0,19.5,1.6,0,0,0,0,88.5
Custom-ConnectedCaverns3,0,3.8,0,0,0,0,0,2.2
Custom-ConnectedCaverns4,0,2.7,1.4,0,0,0,0,23.4
Custom-ConnectedCaverns5,0,7.8,1.7,0,0,0,0,6.5
Custom-ConnectedCaverns6,0,1.7,1,0,0,0,0,30.4
Custom-ConnectedCaverns7,0,0,8.9,0,0,0,0,0
Custom-ConstantGateSize,0,0,0,0,0,0,0,0
Custom-ConstantGateSize2,0,0,0,0,0,0,0,0
Custom-ConstantGateSize3,0,0,0,0,0,0,0,0
Custom-ConstantGateSize4,0,0,0,0,0,0,0,0
Custom-ConstantGateSize5,0,0,1,0,0,0,0,0
Custom-DashedGates-1,0,108.1,1.7,0,0,0,0,1802.1
Custom-DashedGates-2,0,8.5,2.8,1.8,0,0,0,59.6
Custom-DashedGates-3,0,100.3,19.3,206.2,0,0,0,1241.3
Custom-DashedGates-4,0,388.9,83.3,0,0,0,0,432.2
Custom-DecreasingGateSize,0,0,0,0,0,0,0,0
Custom-DecreasingGateSize2,0,0,0,0,0,0,0,0
Custom-DecreasingGateSize3,0,0,0,0,0,0,0,0
Custom-DecreasingGateSize4,0,0,0,0,0,0,0,0
Custom-DecreasingGateSize5,0,0,0,0,0,0,0,0
Custom-ExampleMap-1,0,14.7,0,0,0,0,0,2.1
Custom-ExampleMap-2,0,1.9,0,0,0,0,0,1.1
Custom-ExampleMap-3,0,6.3,1,0,0,0,0,0
Custom-ExampleMap-4,0,1.7,0,0,0,0,0,0
Custom-ExampleMap-5,0,18.4,0,0,0,0,0,46
Custom-ExampleMap-6,0,6,0,0,0,0,0,0.9
Custom-ExampleOverflow,0,0,0,0,0,0,0,0
Custom-ExampleOverflow2,0,0.4,0.9,0,0,0,0,0
Custom-ExampleOverflow3,0,2.7,10.2,0,0,0,0,0
Custom-Hallway-1,0,399.5,0,0,0,0,0,7.2
Custom-Hallway-2,0,211.2,0,0,0,0,0,2.6
Custom-Hallway-3,0,17,0.1,0,0,0,0,0.8
Custom-Hallway-4,0,616.5,5.9,0.9,0,0,0,499.7
Custom-Labyrinth,0,3.2,0,0,0,0,0,0
Custom-Labyrinth2,0,0,0,0,0,0,0,0
Custom-Labyrinth3,0,0.6,0,0,0,0,0,0
Custom-Labyrinth4,0,4.4,11.4,0,0,0,0,0
Custom-Labyrinth5,0,7.6,0.9,0,0,0,0,0
Custom-LargeGates-1,0,0,0,0,0,0,0,0
Custom-LargeGates-2,0,0,0,0,0,0,0,0
Custom-LargeGates-3,0,0,0,0,0,0,0,0
Custom-LargeGates-4,0,1,8.1,0,0,0,0,1.4
Custom-LargeGates2-1,0,0,0,0,0,0,0,0
Custom-LargeGates2-2,0,0,1.1,0,0,0,0,0
Custom-LargeGates2-3,0,0,0,0,0,0,0,0
Custom-LargeGates2-4,0,0,0,0,0,0,0,0
Custom-LargeGates2-5,0,0,0.4,31.3,0,0,0,0
Custom-LargeGates2-6,0,0.2,19.1,0,0,0,0,0
Custom-LimitedOverflow,0,0,0,0,0,0,0,0
Custom-LimitedOverflow2,0,0.8,3.7,0,0,0,0,0
Custom-LimitedOverflow3,0,3.2,11.3,0,0,0,0,0
Custom-MultiplePaths,0,0,0,0,0,0,0,0
Custom-MultiplePaths2,0,0.2,0,0,0,0,0,0
Custom-MultiplePaths3,0,9.1,0,0,0,0,0,0
Custom-MultiplePaths4,0,23,0,0,0,0,0,0
Custom-MultiplePaths5,0,F,0.1,0,0,F,0,0.1
Custom-MultiplePaths6,0,2.5,0,0,0,0,0,2.3
Custom-MultiplePaths7,0,0,0,0,0,0,0,0
Custom-ObstacleIslands,0,3,0,0,0,0,0,0.1
Custom-ObstacleIslands2,0,0.5,1.4,2.7,0,0,0,0
Custom-ObstacleIslands3,0,0.4,0.2,0,0,0,0,0
Custom-ObstacleIslands4,0,0,0,0,0,0,0,0
Custom-ObstacleIslands5,0,0,0.6,0,0,0,0,0.1
Custom-Plains-1,0,0,0,0,0,0,0,0
Custom-Plains-2,0,0,0,0,0,0,0,0
Custom-RoughWalls,0,0,0,0,0,0,0,0
Custom-RoughWalls2,0,0,0,0,0,0,0,0
Custom-RoughWalls3,0,0.5,1,0,0,0,0,0
Custom-ShortestPathNotTheBest,0,0,0.2,0,0,0,0,0
Custom-ShortestPathNotTheBest2,0,0,0.3,0,0,0,0,0
Custom-ShortestPathNotTheBest3,0,0,0,0,0,0,0,0.7
Custom-ShortestPathNotTheBest4,0,0,0,0,0,0,0,0
Custom-ShortestPathNotTheBest5,0,0,0.1,0,0,0,0,29
Custom-SimpleTwoPaths,0,0,0,0,0,0,0,0
Custom-SimpleTwoPaths2,0,0,0,0,0,0,0,1.8
Custom-SimpleTwoPaths3,0,0,0,0,0,0,0,1
Custom-SimpleTwoPaths4,0,0,0,0,0,0,0,0
Custom-SimpleTwoPaths5,0,0,0.5,0,0,0,0,1.4
Custom-SmallerMap-1,0,0.8,0,0,0,0,0,2.2
Custom-SmallerMap-2,0,0.1,0,0.2,0,0,0,0
Custom-SmallerMap-3,0,0,0,0,0,0,0,0
Custom-SmallerObstacles-1,0,0.1,0.3,26.7,0,0,0,15.8
Custom-SmallerObstacles-2,0,11.2,1.2,402.7,0,0,0,266
Custom-SmallerObstacles-3,0,14.2,9.4,41.8,0,0,0,46.7
Custom-SmallerObstacles-4,0,26.3,14.7,278.9,0,0,0,89.7
Starcraft-AcrossTheCape-1,0,12.8,12.3,0,0,0,0,0
Starcraft-AcrossTheCape-2,0,6.5,12.1,0,0,0,0,8.4
Starcraft-AfterShock-1,0,9,10.7,23.8,0,0,0,1.1
Starcraft-Archipelago-1,0,8.9,6.7,0,0,0,0,0
Starcraft-Aurora-1,0,26.6,24,0,0,0,0,61.2
Starcraft-Aurora-2,0,6,7.9,0,0,0,0,0
Starcraft-BackWoods-1,0,6.8,2.2,0,0,0,0,0
Starcraft-BigGameHunters-1,0,0.2,1.6,0,0,0,0,0
Starcraft-BlackLotus-1,0,4.1,22.3,0,0,0,0,5.7
Starcraft-BlastFurnace-1,0,24.1,33.9,7.1,0,0,0,0
Starcraft-BlastFurnace-2,0,9.4,11.8,0,0,0,0,1.6
Starcraft-BrokenSteppes-1,0,15.1,15,0,0,0,0,0
Starcraft-BrokenSteppes-2,0,6.9,2.2,0,0,0,0,1.6
Starcraft-BrokenSteppes-3,0,0.3,0.1,0,0,0,0,1.2
Starcraft-Caldera-1,0,5.3,4,0,0,0,0,9.7
Starcraft-CatWalkAlley-1,0,6.7,2.2,0.3,0,0,0,0
Starcraft-Cauldron-1,0,2.7,10.6,0,0,0,0,76.1
Starcraft-Cauldron-2,0,12.1,10.4,1.1,0,0,0,0
Starcraft-Cauldron-3,0,52.3,39.4,0,0,0,0,56.3
Starcraft-CrashSites-1,0,0.5,0,0,0,0,0,129.1
Starcraft-CrossRoads-1,0,13,31.2,0,0,0,0,0
Starcraft-CrossRoads-2,0,30.4,30,0,0,0,0,0
Starcraft-DarkContinent-1,0,1,1,94.3,0,0,0,0
Starcraft-Desolation-1,0,4.9,49.1,0,0,0,0,16.2
Starcraft-EbonLakes-1,0,3.7,0.1,0,0,0,0,205.5
Starcraft-EbonLakes-2,0,1.7,3.1,0,0,0,0,0
Starcraft-ElderLands-1,0,13.9,26.7,88.3,0,0,0,82.6
Starcraft-Enigma-1,0,22.4,30.4,0,0,0,0,0
Starcraft-Enigma-2,0,32,0,0,0,0,0,0
Starcraft-Enigma-3,0,0,0.1,0,0,0,0,0
Starcraft-Entanglement-1,0,2.6,2.1,0,0,0,0,0.8
Starcraft-Entanglement-2,0,12.7,9.8,0,0,0,0,4.3
Starcraft-Eruption-1,0,0,0.1,0,0,0,0,0
Starcraft-Expedition-1,0,34.3,7.9,0,0,0,0,5.8
Starcraft-Expedition-2,0,28.1,7.8,0.1,0,0,0,230.8
Starcraft-Expedition-3,0,30,62.6,39.8,0,0,0,106.6
Starcraft-FloodedPlains-1,0,9.3,0.6,0,0,0,0,0
Starcraft-FloodedPlains-2,0,0.3,0.9,0,0,0,0,1.1
Starcraft-FloodedPlains-3,0,4.2,34.1,0,0,0,0,0.1
Starcraft-GhostTown-1,0,0.6,12.8,0,0,0,0,0.4
Starcraft-GhostTown-2,0,0.8,4.4,0,0,0,0,5.6
Starcraft-GladiatorPits-1,0,7.1,24.2,0,0,0,0,183.4
Starcraft-GladiatorPits-2,0,11.7,13.1,0,0,0,0,57.1
Starcraft-GreenerPastures-1,0,0,3.5,0,0,0,0,0.3
Starcraft-HellFire-1,0,2.7,0,0.1,0,0,0,0
Starcraft-HellFire-2,0,0.7,0.1,0,0,0,0,0.2
Starcraft-HellFire-3,0,0,0,0,0,0,0,0
Starcraft-HotZone-1,0,3,2.7,36.2,0,0,0,3.1
Starcraft-HotZone-2,0,11.8,3,0,0,0,0,6.6
Starcraft-HotZone-3,0,37.2,3,1.2,0,0,0,214.2
Starcraft-Isolation-1,0,1.2,5,0,0,0,0,0
Starcraft-Isolation-2,0,1.1,8.1,6.3,0,0,0,21
Starcraft-JungleSiege-1,0,30.9,15,0,0,0,0,193.1
Starcraft-JungleSiege-2,0,0.1,2.7,1.2,0,0,0,0
Starcraft-JungleSiege-3,0,5.5,10.3,0,0,0,0,55.6
Starcraft-Labyrinth-1,0,0.7,0.2,0,0,0,0,0
Starcraft-Labyrinth-2,0,36.4,1,0,0,0,0,22.2
Starcraft-LakeShore-1,0,5.5,3.2,17.9,0,0,0,0
Starcraft-LakeShore-2,0,1.6,3.9,0,0,0,0,0.6
Starcraft-Medusa-1,0,5.3,9.2,0,0,0,0,0
Starcraft-Medusa-2,0,16.3,19.2,0,0,0,0,92.8
Warcraft3-Battleground-1,0,4,0.2,0,0,0,0,1.6
Warcraft3-Battleground-2,0,1,0,0,0,0,0,2.5
Warcraft3-BlastedLands-1,0,1,8.9,0,0,0,0,0
Warcraft3-DarkForest-1,0,0.4,32.7,0,0,0,0,0
Warcraft3-DarkForest-2,0,2.2,0,0,0,0,0,0
Warcraft3-DeadWaterDrop-1,0,44.3,29.4,83.5,0,0,0,213.7
Warcraft3-DeadWaterDrop-2,0,3.6,20.3,8.1,0,0,0,0.7
Warcraft3-DivideAndConquer-1,0,1.5,17.6,0,0,0,0,0.5
Warcraft3-DivideAndConquer-2,0,2.8,2.1,231.1,0,0,0,412.1
Warcraft3-DragonFire-1,0,6.4,0,0,0,0,0,0
Warcraft3-DragonFire-2,0,16.9,1.8,62.9,0,0,0,0
Warcraft3-DryWaterGulch-1,0,2.5,4.6,143.5,0,0,0,0
Warcraft3-DryWaterGulch-2,0,0.6,8.9,56.1,0,0,0,0
Warcraft3-DuskWood-1,0,2.4,2.3,0,0,0,0,0.1
Warcraft3-DuskWood-2,0,0.6,0.4,0,0,0,0,0
Warcraft3-DuskWood-3,0,1.6,2.2,0,0,0,0,0.2
Warcraft3-FrostSabre-1,0,2.6,15.1,0,0,0,0,0
Warcraft3-FrostSabre-2,0,0,11.5,0,0,0,0,0
Warcraft3-GardenOfWar-1,0,7.3,0.3,0,0,0,0,0
Warcraft3-GardenOfWar-2,0,14.1,0,25.7,0,0,0,190.2
Warcraft3-GardenOfWar-3,0,9.3,2.3,0,0,0,0,105.2
Warcraft3-GolemsInTheMist-1,0,1.3,1.4,0,0,0,0,0
Warcraft3-GolemsInTheMist-2,0,5,0.3,0,0,0,0,0
Warcraft3-HarvestMoon-1,0,25.8,0.6,0,0,0,0,215.5
Warcraft3-HarvestMoon-2,0,27.5,24.8,0,0,0,0,0
Warcraft3-IsleOfDread-1,0,39.1,0.1,0,0,0,0,0.2
Warcraft3-IsleOfDread-2,0,9.9,7.4,0,0,0,0,12.8
Warcraft3-LostTemple-1,0,25.2,9.9,0,0,0,0,122.7
Warcraft3-LostTemple-2,0,13.4,97.2,0,0,0,0,14.5
Warcraft3-MoonGlade-1,0,0,0,0,0,0,0,0
Warcraft3-PetrifiedForest-1,0,66.4,0.3,0,0,0,0,0.4
Warcraft3-PetrifiedForest-2,0,0.9,3.3,0,0,0,0,45
Warcraft3-PlainsOfSnow-1,0,0,0.6,0,0,0,0,0
Warcraft3-PlunderIsle-1,0,85.2,26.8,0,0,0,0,0
Warcraft3-PlunderIsle-2,0,5.2,0,0,0,0,0,0
Warcraft3-ScorchedBasin-1,0,66.8,9,0,0,0,0,74
Warcraft3-ScorchedBasin-2,0,2,0,0,0,0,0,3.5
Warcraft3-TheCrucible-1,0,16.2,6.2,0,0,0,0,82.8
Warcraft3-TranquilPaths-1,0,4.4,124,0,0,0,0,0
,,,,,,,,
More Than 10 Repaths,0,50,43,20,0,0,0,48
More Than 100 Repaths,0,6,1,5,0,0,0,20
